{"v":"5.1.4","fr":25,"ip":0,"op":51,"w":1200,"h":100,"nm":"4FA","ddd":0,"assets":[],"fonts":{"list":[{"fName":"Montserrat-Light","fFamily":"Montserrat","fStyle":"Light","ascent":74.1989135742188},{"fName":"Montserrat-Bold","fFamily":"Montserrat","fStyle":"Bold","ascent":74.1989135742188}]},"layers":[{"ddd":0,"ind":1,"ty":5,"nm":"_W","sr":1,"ks":{"o":{"a":1,"k":[{"t":0,"s":[0],"h":1},{"t":10,"s":[100],"h":1}],"ix":11},"r":{"a":0,"k":0,"ix":10},"p":{"a":0,"k":[280,50,0],"ix":2},"a":{"a":0,"k":[-3.968,-25.052,0],"ix":1},"s":{"a":0,"k":[100,100,100],"ix":6}},"ao":0,"t":{"d":{"k":[{"s":{"s":72,"f":"Montserrat-Bold","t":"_W","j":0,"tr":0,"lh":86.4,"ls":0,"fc":[0.14,0.61,0.78]},"t":0}]},"p":{},"m":{"g":1,"a":{"a":0,"k":[0,0],"ix":2}},"a":[]},"ip":0,"op":140,"st":-8,"bm":0},{"ddd":0,"ind":2,"ty":5,"nm":"____","sr":1,"ks":{"o":{"a":0,"k":0,"ix":11},"r":{"a":0,"k":0,"ix":10},"p":{"a":0,"k":[280,50,0],"ix":2},"a":{"a":0,"k":[-3.968,-25.052,0],"ix":1},"s":{"a":0,"k":[100,100,100],"ix":6}},"ao":0,"t":{"d":{"k":[{"s":{"s":72,"f":"Montserrat-Light","t":"____","j":0,"tr":0,"lh":86.4,"ls":0,"fc":[0.14,0.61,0.78]},"t":0}]},"p":{},"m":{"g":1,"a":{"a":0,"k":[0,0],"ix":2}},"a":[]},"ip":0,"op":1,"st":-2,"bm":0},{"ddd":0,"ind":3,"ty":5,"nm":"_o___","sr":1,"ks":{"o":{"a":1,"k":[{"t":0,"s":[0],"h":1},{"t":1,"s":[100],"h":1}],"ix":11},"r":{"a":0,"k":0,"ix":10},"p":{"a":0,"k":[280,50,0],"ix":2},"a":{"a":0,"k":[-3.968,-25.052,0],"ix":1},"s":{"a":0,"k":[100,100,100],"ix":6}},"ao":0,"t":{"d":{"k":[{"s":{"s":72,"f":"Montserrat-Light","t":"_o___","j":0,"tr":0,"lh":86.4,"ls":0,"fc":[0.14,0.61,0.78]},"t":0}]},"p":{},"m":{"g":1,"a":{"a":0,"k":[0,0],"ix":2}},"a":[]},"ip":0,"op":2,"st":-2,"bm":0},{"ddd":0,"ind":4,"ty":5,"nm":"_okn__","sr":1,"ks":{"o":{"a":1,"k":[{"t":0,"s":[0],"h":1},{"t":2,"s":[100],"h":1}],"ix":11},"r":{"a":0,"k":0,"ix":10},"p":{"a":0,"k":[280,50,0],"ix":2},"a":{"a":0,"k":[-3.968,-25.052,0],"ix":1},"s":{"a":0,"k":[100,100,100],"ix":6}},"ao":0,"t":{"d":{"k":[{"s":{"s":72,"f":"Montserrat-Light","t":"_okn__","j":0,"tr":0,"lh":86.4,"ls":0,"fc":[0.14,0.61,0.78]},"t":0}]},"p":{},"m":{"g":1,"a":{"a":0,"k":[0,0],"ix":2}},"a":[]},"ip":0,"op":3,"st":-2,"bm":0},{"ddd":0,"ind":5,"ty":5,"nm":"_cibdj_","sr":1,"ks":{"o":{"a":1,"k":[{"t":0,"s":[0],"h":1},{"t":3,"s":[100],"h":1}],"ix":11},"r":{"a":0,"k":0,"ix":10},"p":{"a":0,"k":[280,50,0],"ix":2},"a":{"a":0,"k":[-3.968,-25.052,0],"ix":1},"s":{"a":0,"k":[100,100,100],"ix":6}},"ao":0,"t":{"d":{"k":[{"s":{"s":72,"f":"Montserrat-Light","t":"_cibdj_","j":0,"tr":0,"lh":86.4,"ls":0,"fc":[0.14,0.61,0.78]},"t":0}]},"p":{},"m":{"g":1,"a":{"a":0,"k":[0,0],"ix":2}},"a":[]},"ip":0,"op":4,"st":-2,"bm":0},{"ddd":0,"ind":6,"ty":5,"nm":"_bezDnc__","sr":1,"ks":{"o":{"a":1,"k":[{"t":0,"s":[0],"h":1},{"t":4,"s":[100],"h":1}],"ix":11},"r":{"a":0,"k":0,"ix":10},"p":{"a":0,"k":[280,50,0],"ix":2},"a":{"a":0,"k":[-3.968,-25.052,0],"ix":1},"s":{"a":0,"k":[100,100,100],"ix":6}},"ao":0,"t":{"d":{"k":[{"s":{"s":72,"f":"Montserrat-Light","t":"_bezDnc__","j":0,"tr":0,"lh":86.4,"ls":0,"fc":[0.14,0.61,0.78]},"t":0}]},"p":{},"m":{"g":1,"a":{"a":0,"k":[0,0],"ix":2}},"a":[]},"ip":0,"op":5,"st":-2,"bm":0},{"ddd":0,"ind":7,"ty":5,"nm":"_VjsFNkg __","sr":1,"ks":{"o":{"a":1,"k":[{"t":0,"s":[0],"h":1},{"t":5,"s":[100],"h":1}],"ix":11},"r":{"a":0,"k":0,"ix":10},"p":{"a":0,"k":[280,50,0],"ix":2},"a":{"a":0,"k":[-3.968,-25.052,0],"ix":1},"s":{"a":0,"k":[100,100,100],"ix":6}},"ao":0,"t":{"d":{"k":[{"s":{"s":72,"f":"Montserrat-Light","t":"_VjsFNkg __","j":0,"tr":0,"lh":86.4,"ls":0,"fc":[0.14,0.61,0.78]},"t":0}]},"p":{},"m":{"g":1,"a":{"a":0,"k":[0,0],"ix":2}},"a":[]},"ip":0,"op":6,"st":-2,"bm":0},{"ddd":0,"ind":8,"ty":5,"nm":"_WlchHqn o__","sr":1,"ks":{"o":{"a":1,"k":[{"t":0,"s":[0],"h":1},{"t":6,"s":[100],"h":1}],"ix":11},"r":{"a":0,"k":0,"ix":10},"p":{"a":0,"k":[280,50,0],"ix":2},"a":{"a":0,"k":[-3.968,-25.052,0],"ix":1},"s":{"a":0,"k":[100,100,100],"ix":6}},"ao":0,"t":{"d":{"k":[{"s":{"s":72,"f":"Montserrat-Light","t":"_WlchHqn o__","j":0,"tr":0,"lh":86.4,"ls":0,"fc":[0.14,0.61,0.78]},"t":0}]},"p":{},"m":{"g":1,"a":{"a":0,"k":[0,0],"ix":2}},"a":[]},"ip":0,"op":7,"st":-2,"bm":0},{"ddd":0,"ind":9,"ty":5,"nm":"_WisoFwd es__","sr":1,"ks":{"o":{"a":1,"k":[{"t":0,"s":[0],"h":1},{"t":7,"s":[100],"h":1}],"ix":11},"r":{"a":0,"k":0,"ix":10},"p":{"a":0,"k":[280,50,0],"ix":2},"a":{"a":0,"k":[-3.968,-25.052,0],"ix":1},"s":{"a":0,"k":[100,100,100],"ix":6}},"ao":0,"t":{"d":{"k":[{"s":{"s":72,"f":"Montserrat-Light","t":"_WisoFwd es__","j":0,"tr":0,"lh":86.4,"ls":0,"fc":[0.14,0.61,0.78]},"t":0}]},"p":{},"m":{"g":1,"a":{"a":0,"k":[0,0],"ix":2}},"a":[]},"ip":0,"op":8,"st":-2,"bm":0},{"ddd":0,"ind":10,"ty":5,"nm":"_WizaNvp syea_","sr":1,"ks":{"o":{"a":1,"k":[{"t":0,"s":[0],"h":1},{"t":8,"s":[100],"h":1}],"ix":11},"r":{"a":0,"k":0,"ix":10},"p":{"a":0,"k":[280,50,0],"ix":2},"a":{"a":0,"k":[-3.968,-25.052,0],"ix":1},"s":{"a":0,"k":[100,100,100],"ix":6}},"ao":0,"t":{"d":{"k":[{"s":{"s":72,"f":"Montserrat-Light","t":"_WizaNvp syea_","j":0,"tr":0,"lh":86.4,"ls":0,"fc":[0.14,0.61,0.78]},"t":0}]},"p":{},"m":{"g":1,"a":{"a":0,"k":[0,0],"ix":2}},"a":[]},"ip":0,"op":9,"st":-2,"bm":0},{"ddd":0,"ind":11,"ty":5,"nm":"_WizeHld fadbg_","sr":1,"ks":{"o":{"a":1,"k":[{"t":0,"s":[0],"h":1},{"t":9,"s":[100],"h":1}],"ix":11},"r":{"a":0,"k":0,"ix":10},"p":{"a":0,"k":[280,50,0],"ix":2},"a":{"a":0,"k":[-3.968,-25.052,0],"ix":1},"s":{"a":0,"k":[100,100,100],"ix":6}},"ao":0,"t":{"d":{"k":[{"s":{"s":72,"f":"Montserrat-Light","t":"_WizeHld fadbg_","j":0,"tr":0,"lh":86.4,"ls":0,"fc":[0.14,0.61,0.78]},"t":0}]},"p":{},"m":{"g":1,"a":{"a":0,"k":[0,0],"ix":2}},"a":[]},"ip":0,"op":10,"st":-2,"bm":0},{"ddd":0,"ind":12,"ty":5,"nm":"_WizeBif Ieyklub_","sr":1,"ks":{"o":{"a":1,"k":[{"t":0,"s":[0],"h":1},{"t":10,"s":[100],"h":1}],"ix":11},"r":{"a":0,"k":0,"ix":10},"p":{"a":0,"k":[280,50,0],"ix":2},"a":{"a":0,"k":[-3.968,-25.052,0],"ix":1},"s":{"a":0,"k":[100,100,100],"ix":6}},"ao":0,"t":{"d":{"k":[{"s":{"s":72,"f":"Montserrat-Light","t":"_WizeBif Ieyklub_","j":0,"tr":0,"lh":86.4,"ls":0,"fc":[0.14,0.61,0.78]},"t":0}]},"p":{},"m":{"g":1,"a":{"a":0,"k":[0,0],"ix":2}},"a":[]},"ip":0,"op":11,"st":-2,"bm":0},{"ddd":0,"ind":13,"ty":5,"nm":"_WizeBit Inqiefmr_","sr":1,"ks":{"o":{"a":1,"k":[{"t":0,"s":[0],"h":1},{"t":11,"s":[100],"h":1}],"ix":11},"r":{"a":0,"k":0,"ix":10},"p":{"a":0,"k":[280,50,0],"ix":2},"a":{"a":0,"k":[-3.968,-25.052,0],"ix":1},"s":{"a":0,"k":[100,100,100],"ix":6}},"ao":0,"t":{"d":{"k":[{"s":{"s":72,"f":"Montserrat-Light","t":"_WizeBit Inqiefmr_","j":0,"tr":0,"lh":86.4,"ls":0,"fc":[0.14,0.61,0.78]},"t":0}]},"p":{},"m":{"g":1,"a":{"a":0,"k":[0,0],"ix":2}},"a":[]},"ip":0,"op":12,"st":-2,"bm":0},{"ddd":0,"ind":14,"ty":5,"nm":"_WizeBit Intradhye_","sr":1,"ks":{"o":{"a":1,"k":[{"t":0,"s":[0],"h":1},{"t":12,"s":[100],"h":1}],"ix":11},"r":{"a":0,"k":0,"ix":10},"p":{"a":0,"k":[280,50,0],"ix":2},"a":{"a":0,"k":[-3.968,-25.052,0],"ix":1},"s":{"a":0,"k":[100,100,100],"ix":6}},"ao":0,"t":{"d":{"k":[{"s":{"s":72,"f":"Montserrat-Light","t":"_WizeBit Intradhye_","j":0,"tr":0,"lh":86.4,"ls":0,"fc":[0.14,0.61,0.78]},"t":0}]},"p":{},"m":{"g":1,"a":{"a":0,"k":[0,0],"ix":2}},"a":[]},"ip":0,"op":13,"st":-2,"bm":0},{"ddd":0,"ind":15,"ty":5,"nm":"_WizeBit Intronkoyh_","sr":1,"ks":{"o":{"a":1,"k":[{"t":0,"s":[0],"h":1},{"t":13,"s":[100],"h":1}],"ix":11},"r":{"a":0,"k":0,"ix":10},"p":{"a":0,"k":[280,50,0],"ix":2},"a":{"a":0,"k":[-3.968,-25.052,0],"ix":1},"s":{"a":0,"k":[100,100,100],"ix":6}},"ao":0,"t":{"d":{"k":[{"s":{"s":72,"f":"Montserrat-Light","t":"_WizeBit Intronkoyh_","j":0,"tr":0,"lh":86.4,"ls":0,"fc":[0.14,0.61,0.78]},"t":0}]},"p":{},"m":{"g":1,"a":{"a":0,"k":[0,0],"ix":2}},"a":[]},"ip":0,"op":14,"st":-2,"bm":0},{"ddd":0,"ind":16,"ty":5,"nm":"_WizeBit Introdutgm_2_","sr":1,"ks":{"o":{"a":1,"k":[{"t":0,"s":[0],"h":1},{"t":14,"s":[100],"h":1}],"ix":11},"r":{"a":0,"k":0,"ix":10},"p":{"a":0,"k":[280,50,0],"ix":2},"a":{"a":0,"k":[-3.968,-25.052,0],"ix":1},"s":{"a":0,"k":[100,100,100],"ix":6}},"ao":0,"t":{"d":{"k":[{"s":{"s":72,"f":"Montserrat-Light","t":"_WizeBit Introdutgm_2_","j":0,"tr":0,"lh":86.4,"ls":0,"fc":[0.14,0.61,0.78]},"t":0}]},"p":{},"m":{"g":1,"a":{"a":0,"k":[0,0],"ix":2}},"a":[]},"ip":0,"op":15,"st":-2,"bm":0},{"ddd":0,"ind":17,"ty":5,"nm":"_WizeBit Introducin6_3A_ 2","sr":1,"ks":{"o":{"a":1,"k":[{"t":0,"s":[0],"h":1},{"t":15,"s":[100],"h":1}],"ix":11},"r":{"a":0,"k":0,"ix":10},"p":{"a":0,"k":[280,50,0],"ix":2},"a":{"a":0,"k":[-3.968,-25.052,0],"ix":1},"s":{"a":0,"k":[100,100,100],"ix":6}},"ao":0,"t":{"d":{"k":[{"s":{"s":72,"f":"Montserrat-Light","t":"_WizeBit Introducin6_3A_","j":0,"tr":0,"lh":86.4,"ls":0,"fc":[0.14,0.61,0.78]},"t":0}]},"p":{},"m":{"g":1,"a":{"a":0,"k":[0,0],"ix":2}},"a":[]},"ip":0,"op":16,"st":-2,"bm":0},{"ddd":0,"ind":18,"ty":5,"nm":"_WizeBit Introducing 4A_","sr":1,"ks":{"o":{"a":1,"k":[{"t":0,"s":[0],"h":1},{"t":16,"s":[100],"h":1}],"ix":11},"r":{"a":0,"k":0,"ix":10},"p":{"a":0,"k":[280,50,0],"ix":2},"a":{"a":0,"k":[-3.968,-25.052,0],"ix":1},"s":{"a":0,"k":[100,100,100],"ix":6}},"ao":0,"t":{"d":{"k":[{"s":{"s":72,"f":"Montserrat-Light","t":"_WizeBit Introducing 4A_","j":0,"tr":0,"lh":86.4,"ls":0,"fc":[0.14,0.61,0.78]},"t":0}]},"p":{},"m":{"g":1,"a":{"a":0,"k":[0,0],"ix":2}},"a":[]},"ip":0,"op":17,"st":-2,"bm":0},{"ddd":0,"ind":19,"ty":5,"nm":"_WizeBit Introducing 4FA","sr":1,"ks":{"o":{"a":1,"k":[{"t":0,"s":[0],"h":1},{"t":17,"s":[100],"h":1}],"ix":11},"r":{"a":0,"k":0,"ix":10},"p":{"a":0,"k":[280,50,0],"ix":2},"a":{"a":0,"k":[-3.968,-25.052,0],"ix":1},"s":{"a":0,"k":[100,100,100],"ix":6}},"ao":0,"t":{"d":{"k":[{"s":{"s":72,"f":"Montserrat-Light","t":"_WizeBit Introducing 4FA","j":0,"tr":0,"lh":86.4,"ls":0,"fc":[0.14,0.61,0.78]},"t":0}]},"p":{},"m":{"g":1,"a":{"a":0,"k":[0,0],"ix":2}},"a":[]},"ip":0,"op":125,"st":-2,"bm":0}],"markers":[{"tm":10,"cm":"2","dr":0}],"chars":[{"ch":"_","size":72,"style":"Light","w":50,"data":{"shapes":[{"ty":"gr","it":[{"ind":0,"ty":"sh","ix":1,"ks":{"a":0,"k":{"i":[[0,0],[0,0],[0,0],[0,0]],"o":[[0,0],[0,0],[0,0],[0,0]],"v":[[0,3.625],[50.354,3.625],[50.354,0],[0,0]],"c":true},"ix":2},"nm":"_","mn":"ADBE Vector Shape - Group","hd":false}],"nm":"_","np":3,"cix":2,"ix":1,"mn":"ADBE Vector Group","hd":false}]},"fFamily":"Montserrat"},{"ch":"W","size":72,"style":"Light","w":109.8,"data":{"shapes":[{"ty":"gr","it":[{"ind":0,"ty":"sh","ix":1,"ks":{"a":0,"k":{"i":[[0,0],[0,0],[0,0],[0,0],[0,0],[0,0],[0,0],[0,0],[0,0],[0,0],[0,0],[0,0],[0,0]],"o":[[0,0],[0,0],[0,0],[0,0],[0,0],[0,0],[0,0],[0,0],[0,0],[0,0],[0,0],[0,0],[0,0]],"v":[[101.514,-70.496],[79.861,-6.949],[57.907,-70.496],[52.972,-70.496],[30.917,-7.05],[9.467,-70.496],[4.028,-70.496],[27.997,0],[33.435,0],[55.389,-63.245],[77.243,0],[82.681,0],[106.549,-70.496]],"c":true},"ix":2},"nm":"W","mn":"ADBE Vector Shape - Group","hd":false}],"nm":"W","np":3,"cix":2,"ix":1,"mn":"ADBE Vector Group","hd":false}]},"fFamily":"Montserrat"},{"ch":"i","size":72,"style":"Light","w":26.1,"data":{"shapes":[{"ty":"gr","it":[{"ind":0,"ty":"sh","ix":1,"ks":{"a":0,"k":{"i":[[-2.316,0],[0,2.316],[2.316,0],[0,-2.216]],"o":[[2.316,0],[0,-2.216],[-2.316,0],[0,2.216]],"v":[[13.193,-65.359],[17.322,-69.489],[13.193,-73.517],[9.064,-69.388]],"c":true},"ix":2},"nm":"i","mn":"ADBE Vector Shape - Group","hd":false},{"ind":1,"ty":"sh","ix":2,"ks":{"a":0,"k":{"i":[[0,0],[0,0],[0,0],[0,0]],"o":[[0,0],[0,0],[0,0],[0,0]],"v":[[10.675,0],[15.71,0],[15.71,-52.57],[10.675,-52.57]],"c":true},"ix":2},"nm":"i","mn":"ADBE Vector Shape - Group","hd":false}],"nm":"i","np":5,"cix":2,"ix":1,"mn":"ADBE Vector Group","hd":false}]},"fFamily":"Montserrat"},{"ch":"z","size":72,"style":"Light","w":50.3,"data":{"shapes":[{"ty":"gr","it":[{"ind":0,"ty":"sh","ix":1,"ks":{"a":0,"k":{"i":[[0,0],[0,0],[0,0],[0,0],[0,0],[0,0],[0,0],[0,0],[0,0],[0,0]],"o":[[0,0],[0,0],[0,0],[0,0],[0,0],[0,0],[0,0],[0,0],[0,0],[0,0]],"v":[[10.876,-4.33],[45.621,-49.146],[45.621,-52.57],[4.935,-52.57],[4.935,-48.239],[39.075,-48.239],[4.431,-3.424],[4.431,0],[46.225,0],[46.225,-4.33]],"c":true},"ix":2},"nm":"z","mn":"ADBE Vector Shape - Group","hd":false}],"nm":"z","np":3,"cix":2,"ix":1,"mn":"ADBE Vector Group","hd":false}]},"fFamily":"Montserrat"},{"ch":"e","size":72,"style":"Light","w":59.7,"data":{"shapes":[{"ty":"gr","it":[{"ind":0,"ty":"sh","ix":1,"ks":{"a":0,"k":{"i":[[0,0.403],[14.401,0],[0,-15.61],[-15.912,0],[-4.633,5.64],[0,0],[6.647,0],[0.504,12.488],[0,0]],"o":[[0,-15.61],[-14.401,0],[0,15.61],[7.956,0],[0,0],[-4.028,4.935],[-12.589,0],[0,0],[0,-0.504]],"v":[[55.188,-26.486],[30.112,-52.972],[4.935,-26.285],[32.025,0.403],[51.865,-8.157],[48.944,-11.481],[32.126,-4.129],[9.869,-25.076],[55.087,-25.076]],"c":true},"ix":2},"nm":"e","mn":"ADBE Vector Shape - Group","hd":false},{"ind":1,"ty":"sh","ix":2,"ks":{"a":0,"k":{"i":[[-11.179,0],[-0.705,-11.38],[0,0]],"o":[[11.179,0],[0,0],[0.806,-11.481]],"v":[[30.112,-48.541],[50.253,-29.004],[9.97,-29.004]],"c":true},"ix":2},"nm":"e","mn":"ADBE Vector Shape - Group","hd":false}],"nm":"e","np":5,"cix":2,"ix":1,"mn":"ADBE Vector Group","hd":false}]},"fFamily":"Montserrat"},{"ch":"B","size":72,"style":"Light","w":75.2,"data":{"shapes":[{"ty":"gr","it":[{"ind":0,"ty":"sh","ix":1,"ks":{"a":0,"k":{"i":[[9.97,1.913],[0,8.359],[15.106,0],[0,0],[0,0],[0,0],[0,11.884]],"o":[[7.05,-2.316],[0,-11.682],[0,0],[0,0],[0,0],[17.322,0],[0,-9.769]],"v":[[54.181,-36.356],[65.964,-52.469],[41.693,-70.496],[12.286,-70.496],[12.286,0],[43.707,0],[69.69,-18.631]],"c":true},"ix":2},"nm":"B","mn":"ADBE Vector Shape - Group","hd":false},{"ind":1,"ty":"sh","ix":2,"ks":{"a":0,"k":{"i":[[0,0],[0,-9.265],[12.186,0],[0,0],[0,0]],"o":[[12.186,0],[0,9.366],[0,0],[0,0],[0,0]],"v":[[41.492,-66.064],[60.727,-52.066],[41.492,-37.967],[17.422,-37.967],[17.422,-66.064]],"c":true},"ix":2},"nm":"B","mn":"ADBE Vector Shape - Group","hd":false},{"ind":2,"ty":"sh","ix":3,"ks":{"a":0,"k":{"i":[[13.495,0],[0,0],[0,0],[0,0],[0,-10.071]],"o":[[0,0],[0,0],[0,0],[13.495,0],[0,10.172]],"v":[[43.707,-4.431],[17.422,-4.431],[17.422,-33.536],[43.707,-33.536],[64.554,-19.034]],"c":true},"ix":2},"nm":"B","mn":"ADBE Vector Shape - Group","hd":false}],"nm":"B","np":6,"cix":2,"ix":1,"mn":"ADBE Vector Group","hd":false}]},"fFamily":"Montserrat"},{"ch":"t","size":72,"style":"Light","w":38.4,"data":{"shapes":[{"ty":"gr","it":[{"ind":0,"ty":"sh","ix":1,"ks":{"a":0,"k":{"i":[[0,0],[3.122,0],[0,6.747],[0,0],[0,0],[0,0],[0,0],[0,0],[0,0],[0,0],[0,0],[0,0],[0,0],[0,0],[-9.265,0],[-2.618,2.518]],"o":[[-2.115,1.913],[-6.445,0],[0,0],[0,0],[0,0],[0,0],[0,0],[0,0],[0,0],[0,0],[0,0],[0,0],[0,0],[0,8.862],[3.928,0],[0,0]],"v":[[34.644,-6.848],[26.486,-3.928],[16.718,-14.401],[16.718,-48.239],[33.435,-48.239],[33.435,-52.57],[16.718,-52.57],[16.718,-64.05],[11.682,-64.05],[11.682,-52.57],[2.014,-52.57],[2.014,-48.239],[11.682,-48.239],[11.682,-13.898],[25.983,0.403],[36.758,-3.323]],"c":true},"ix":2},"nm":"t","mn":"ADBE Vector Shape - Group","hd":false}],"nm":"t","np":3,"cix":2,"ix":1,"mn":"ADBE Vector Group","hd":false}]},"fFamily":"Montserrat"},{"ch":" ","size":72,"style":"Light","w":25.7,"data":{},"fFamily":"Montserrat"},{"ch":"I","size":72,"style":"Light","w":29.5,"data":{"shapes":[{"ty":"gr","it":[{"ind":0,"ty":"sh","ix":1,"ks":{"a":0,"k":{"i":[[0,0],[0,0],[0,0],[0,0]],"o":[[0,0],[0,0],[0,0],[0,0]],"v":[[12.286,0],[17.422,0],[17.422,-70.496],[12.286,-70.496]],"c":true},"ix":2},"nm":"I","mn":"ADBE Vector Shape - Group","hd":false}],"nm":"I","np":3,"cix":2,"ix":1,"mn":"ADBE Vector Group","hd":false}]},"fFamily":"Montserrat"},{"ch":"n","size":72,"style":"Light","w":67.3,"data":{"shapes":[{"ty":"gr","it":[{"ind":0,"ty":"sh","ix":1,"ks":{"a":0,"k":{"i":[[12.79,0],[3.525,-7.352],[0,0],[0,0],[0,0],[0,0],[0,0],[-12.387,0],[0,-11.884],[0,0],[0,0],[0,0]],"o":[[-9.97,0],[0,0],[0,0],[0,0],[0,0],[0,0],[0,-12.488],[10.675,0],[0,0],[0,0],[0,0],[0,-14.703]],"v":[[36.356,-52.972],[15.509,-41.19],[15.509,-52.57],[10.675,-52.57],[10.675,0],[15.71,0],[15.71,-27.997],[35.651,-48.441],[52.67,-30.313],[52.67,0],[57.706,0],[57.706,-30.716]],"c":true},"ix":2},"nm":"n","mn":"ADBE Vector Shape - Group","hd":false}],"nm":"n","np":3,"cix":2,"ix":1,"mn":"ADBE Vector Group","hd":false}]},"fFamily":"Montserrat"},{"ch":"r","size":72,"style":"Light","w":38.5,"data":{"shapes":[{"ty":"gr","it":[{"ind":0,"ty":"sh","ix":1,"ks":{"a":0,"k":{"i":[[3.223,-7.654],[0,0],[0,0],[0,0],[0,0],[0,0],[-11.682,0],[-0.403,0],[0,0]],"o":[[0,0],[0,0],[0,0],[0,0],[0,0],[0,-12.991],[0.403,0],[0,0],[-9.869,0]],"v":[[15.509,-41.089],[15.509,-52.57],[10.675,-52.57],[10.675,0],[15.71,0],[15.71,-27.393],[34.341,-48.138],[35.55,-48.038],[35.55,-52.972]],"c":true},"ix":2},"nm":"r","mn":"ADBE Vector Shape - Group","hd":false}],"nm":"r","np":3,"cix":2,"ix":1,"mn":"ADBE Vector Group","hd":false}]},"fFamily":"Montserrat"},{"ch":"o","size":72,"style":"Light","w":62,"data":{"shapes":[{"ty":"gr","it":[{"ind":0,"ty":"sh","ix":1,"ks":{"a":0,"k":{"i":[[-15.106,0],[0,15.61],[15.106,0],[0,-15.61]],"o":[[15.106,0],[0,-15.61],[-15.106,0],[0,15.61]],"v":[[31.219,0.403],[57.504,-26.285],[31.219,-52.972],[4.935,-26.285]],"c":true},"ix":2},"nm":"o","mn":"ADBE Vector Shape - Group","hd":false},{"ind":1,"ty":"sh","ix":2,"ks":{"a":0,"k":{"i":[[12.085,0],[0,13.193],[-12.085,0],[0,-13.193]],"o":[[-12.085,0],[0,-13.193],[12.085,0],[0,13.193]],"v":[[31.219,-4.129],[10.071,-26.285],[31.219,-48.441],[52.368,-26.285]],"c":true},"ix":2},"nm":"o","mn":"ADBE Vector Shape - Group","hd":false}],"nm":"o","np":5,"cix":2,"ix":1,"mn":"ADBE Vector Group","hd":false}]},"fFamily":"Montserrat"},{"ch":"d","size":72,"style":"Light","w":67.5,"data":{"shapes":[{"ty":"gr","it":[{"ind":0,"ty":"sh","ix":1,"ks":{"a":0,"k":{"i":[[0,0],[0,0],[9.366,0],[0,-15.811],[-14.804,0],[-4.129,8.157],[0,0],[0,0],[0,0]],"o":[[0,0],[-4.23,-7.956],[-14.804,0],[0,15.71],[9.467,0],[0,0],[0,0],[0,0],[0,0]],"v":[[52.368,-74.725],[52.368,-40.384],[30.917,-52.972],[4.935,-26.285],[30.917,0.403],[52.469,-12.387],[52.469,0],[57.404,0],[57.404,-74.725]],"c":true},"ix":2},"nm":"d","mn":"ADBE Vector Shape - Group","hd":false},{"ind":1,"ty":"sh","ix":2,"ks":{"a":0,"k":{"i":[[12.085,0],[0,13.193],[-12.085,0],[0,-13.193]],"o":[[-12.085,0],[0,-13.193],[12.085,0],[0,13.193]],"v":[[31.219,-4.129],[10.071,-26.285],[31.219,-48.441],[52.368,-26.285]],"c":true},"ix":2},"nm":"d","mn":"ADBE Vector Shape - Group","hd":false}],"nm":"d","np":5,"cix":2,"ix":1,"mn":"ADBE Vector Group","hd":false}]},"fFamily":"Montserrat"},{"ch":"u","size":72,"style":"Light","w":66.9,"data":{"shapes":[{"ty":"gr","it":[{"ind":0,"ty":"sh","ix":1,"ks":{"a":0,"k":{"i":[[0,0],[0,0],[11.884,0],[0,11.884],[0,0],[0,0],[0,0],[-13.394,0],[-3.424,7.352],[0,0],[0,0],[0,0]],"o":[[0,0],[0,12.488],[-10.977,0],[0,0],[0,0],[0,0],[0,14.703],[9.265,0],[0,0],[0,0],[0,0],[0,0]],"v":[[51.663,-52.57],[51.663,-24.573],[32.428,-4.129],[15.106,-22.256],[15.106,-52.57],[10.071,-52.57],[10.071,-21.854],[32.025,0.403],[51.865,-11.279],[51.865,0],[56.699,0],[56.699,-52.57]],"c":true},"ix":2},"nm":"u","mn":"ADBE Vector Shape - Group","hd":false}],"nm":"u","np":3,"cix":2,"ix":1,"mn":"ADBE Vector Group","hd":false}]},"fFamily":"Montserrat"},{"ch":"c","size":72,"style":"Light","w":54.6,"data":{"shapes":[{"ty":"gr","it":[{"ind":0,"ty":"sh","ix":1,"ks":{"a":0,"k":{"i":[[-15.408,0],[-4.33,6.345],[0,0],[6.546,0],[0,13.293],[-12.387,0],[-3.827,-5.338],[0,0],[8.359,0],[0,-15.71]],"o":[[8.359,0],[0,0],[-3.827,5.338],[-12.387,0],[0,-13.293],[6.546,0],[0,0],[-4.33,-6.445],[-15.408,0],[0,15.61]],"v":[[31.522,0.403],[51.462,-9.265],[47.736,-11.984],[31.522,-4.129],[10.071,-26.285],[31.522,-48.441],[47.736,-40.585],[51.462,-43.304],[31.522,-52.972],[4.935,-26.285]],"c":true},"ix":2},"nm":"c","mn":"ADBE Vector Shape - Group","hd":false}],"nm":"c","np":3,"cix":2,"ix":1,"mn":"ADBE Vector Group","hd":false}]},"fFamily":"Montserrat"},{"ch":"g","size":72,"style":"Light","w":68.2,"data":{"shapes":[{"ty":"gr","it":[{"ind":0,"ty":"sh","ix":1,"ks":{"a":0,"k":{"i":[[0,0],[0,0],[9.668,0],[0,-15.005],[-14.905,0],[-4.33,7.654],[0,0],[13.998,0],[5.237,4.834],[0,0],[-9.567,0],[0,17.624],[0,0]],"o":[[0,0],[-4.23,-7.855],[-14.905,0],[0,15.005],[9.467,0],[0,0],[0,13.998],[-8.459,0],[0,0],[5.338,5.338],[16.919,0],[0,0],[0,0]],"v":[[53.174,-52.57],[53.174,-40.686],[31.119,-52.972],[4.935,-27.493],[31.119,-1.913],[52.972,-13.898],[52.972,-5.035],[32.428,15.408],[11.179,7.755],[8.459,11.581],[32.529,19.94],[58.008,-5.64],[58.008,-52.57]],"c":true},"ix":2},"nm":"g","mn":"ADBE Vector Shape - Group","hd":false},{"ind":1,"ty":"sh","ix":2,"ks":{"a":0,"k":{"i":[[12.488,0],[0,12.387],[-12.387,0],[0,-12.387]],"o":[[-12.387,0],[0,-12.387],[12.488,0],[0,12.387]],"v":[[31.522,-6.445],[10.071,-27.493],[31.522,-48.441],[53.073,-27.493]],"c":true},"ix":2},"nm":"g","mn":"ADBE Vector Shape - Group","hd":false}],"nm":"g","np":5,"cix":2,"ix":1,"mn":"ADBE Vector Group","hd":false}]},"fFamily":"Montserrat"},{"ch":"4","size":72,"style":"Light","w":65.4,"data":{"shapes":[{"ty":"gr","it":[{"ind":0,"ty":"sh","ix":1,"ks":{"a":0,"k":{"i":[[0,0],[0,0],[0,0],[0,0],[0,0],[0,0],[0,0],[0,0],[0,0],[0,0],[0,0],[0,0],[0,0],[0,0],[0,0]],"o":[[0,0],[0,0],[0,0],[0,0],[0,0],[0,0],[0,0],[0,0],[0,0],[0,0],[0,0],[0,0],[0,0],[0,0],[0,0]],"v":[[64.352,-24.069],[49.548,-24.069],[49.548,-41.29],[44.614,-41.29],[44.614,-24.069],[10.776,-24.069],[48.34,-70.496],[42.599,-70.496],[4.33,-23.264],[4.33,-19.537],[44.513,-19.537],[44.513,0],[49.548,0],[49.548,-19.537],[64.352,-19.537]],"c":true},"ix":2},"nm":"4","mn":"ADBE Vector Shape - Group","hd":false}],"nm":"4","np":3,"cix":2,"ix":1,"mn":"ADBE Vector Group","hd":false}]},"fFamily":"Montserrat"},{"ch":"F","size":72,"style":"Light","w":63.1,"data":{"shapes":[{"ty":"gr","it":[{"ind":0,"ty":"sh","ix":1,"ks":{"a":0,"k":{"i":[[0,0],[0,0],[0,0],[0,0],[0,0],[0,0],[0,0],[0,0],[0,0],[0,0]],"o":[[0,0],[0,0],[0,0],[0,0],[0,0],[0,0],[0,0],[0,0],[0,0],[0,0]],"v":[[59.418,-65.863],[59.418,-70.496],[12.286,-70.496],[12.286,0],[17.422,0],[17.422,-31.119],[54.987,-31.119],[54.987,-35.751],[17.422,-35.751],[17.422,-65.863]],"c":true},"ix":2},"nm":"F","mn":"ADBE Vector Shape - Group","hd":false}],"nm":"F","np":3,"cix":2,"ix":1,"mn":"ADBE Vector Group","hd":false}]},"fFamily":"Montserrat"},{"ch":"A","size":72,"style":"Light","w":71,"data":{"shapes":[{"ty":"gr","it":[{"ind":0,"ty":"sh","ix":1,"ks":{"a":0,"k":{"i":[[0,0],[0,0],[0,0],[0,0],[0,0],[0,0],[0,0],[0,0]],"o":[[0,0],[0,0],[0,0],[0,0],[0,0],[0,0],[0,0],[0,0]],"v":[[64.957,0],[70.496,0],[38.068,-70.496],[32.932,-70.496],[0.504,0],[6.042,0],[15.005,-19.839],[55.893,-19.839]],"c":true},"ix":2},"nm":"A","mn":"ADBE Vector Shape - Group","hd":false},{"ind":1,"ty":"sh","ix":2,"ks":{"a":0,"k":{"i":[[0,0],[0,0],[0,0]],"o":[[0,0],[0,0],[0,0]],"v":[[17.02,-24.17],[35.449,-64.856],[53.979,-24.17]],"c":true},"ix":2},"nm":"A","mn":"ADBE Vector Shape - Group","hd":false}],"nm":"A","np":5,"cix":2,"ix":1,"mn":"ADBE Vector Group","hd":false}]},"fFamily":"Montserrat"},{"ch":"6","size":72,"style":"Light","w":60.2,"data":{"shapes":[{"ty":"gr","it":[{"ind":0,"ty":"sh","ix":1,"ks":{"a":0,"k":{"i":[[14.099,0],[2.921,-9.265],[0,2.115],[-15.811,0],[-3.625,-2.316],[0,0],[6.042,0],[0,-23.868],[-18.53,0],[0,12.891]],"o":[[-10.675,0],[-0.504,-3.223],[0,-20.444],[5.338,0],[0,0],[-4.33,-2.618],[-18.631,0],[0,22.055],[13.495,0],[0,-12.689]],"v":[[33.737,-41.693],[11.279,-27.191],[10.675,-35.651],[36.859,-66.467],[50.757,-63.245],[52.872,-67.374],[36.859,-70.999],[5.539,-34.845],[33.838,0.504],[57.303,-20.746]],"c":true},"ix":2},"nm":"6","mn":"ADBE Vector Shape - Group","hd":false},{"ind":1,"ty":"sh","ix":2,"ks":{"a":0,"k":{"i":[[10.977,0],[0,8.258],[-11.581,0],[0,-10.071]],"o":[[-13.193,0],[0,-9.467],[11.884,0],[0,10.172]],"v":[[33.636,-3.928],[13.495,-20.444],[33.032,-37.262],[52.167,-20.645]],"c":true},"ix":2},"nm":"6","mn":"ADBE Vector Shape - Group","hd":false}],"nm":"6","np":5,"cix":2,"ix":1,"mn":"ADBE Vector Group","hd":false}]},"fFamily":"Montserrat"},{"ch":"3","size":72,"style":"Light","w":55.3,"data":{"shapes":[{"ty":"gr","it":[{"ind":0,"ty":"sh","ix":1,"ks":{"a":0,"k":{"i":[[16.013,0.403],[0,0],[0,0],[0,0],[0,0],[0,0],[0,0],[0,0],[0,0],[0,-9.467],[12.689,0],[4.33,4.935],[0,0],[-10.373,0],[0,11.682]],"o":[[0,0],[0,0],[0,0],[0,0],[0,0],[0,0],[0,0],[0,0],[14.099,0],[0,9.567],[-9.668,0],[0,0],[4.935,5.64],[16.214,0],[0,-11.481]],"v":[[26.99,-39.78],[48.138,-66.87],[48.138,-70.496],[3.928,-70.496],[3.928,-65.863],[41.492,-65.863],[20.645,-39.175],[20.645,-35.449],[25.076,-35.449],[45.621,-19.839],[26.184,-4.23],[3.928,-12.891],[1.309,-8.963],[26.184,0.504],[50.858,-19.839]],"c":true},"ix":2},"nm":"3","mn":"ADBE Vector Shape - Group","hd":false}],"nm":"3","np":3,"cix":2,"ix":1,"mn":"ADBE Vector Group","hd":false}]},"fFamily":"Montserrat"},{"ch":"m","size":72,"style":"Light","w":106.4,"data":{"shapes":[{"ty":"gr","it":[{"ind":0,"ty":"sh","ix":1,"ks":{"a":0,"k":{"i":[[12.689,0],[3.424,-7.654],[9.467,0],[3.424,-7.352],[0,0],[0,0],[0,0],[0,0],[0,0],[-11.884,0],[0,-11.884],[0,0],[0,0],[0,0],[-11.884,0],[0,-11.884],[0,0],[0,0],[0,0]],"o":[[-10.172,0],[-2.82,-8.359],[-9.567,0],[0,0],[0,0],[0,0],[0,0],[0,0],[0,-12.488],[10.272,0],[0,0],[0,0],[0,0],[0,-12.488],[10.272,0],[0,0],[0,0],[0,0],[0,-14.703]],"v":[[76.135,-52.972],[54.886,-40.283],[35.651,-52.972],[15.509,-41.29],[15.509,-52.57],[10.675,-52.57],[10.675,0],[15.71,0],[15.71,-27.997],[34.946,-48.441],[51.361,-30.313],[51.361,0],[56.396,0],[56.396,-27.997],[75.632,-48.441],[92.047,-30.313],[92.047,0],[97.083,0],[97.083,-30.716]],"c":true},"ix":2},"nm":"m","mn":"ADBE Vector Shape - Group","hd":false}],"nm":"m","np":3,"cix":2,"ix":1,"mn":"ADBE Vector Group","hd":false}]},"fFamily":"Montserrat"},{"ch":"2","size":72,"style":"Light","w":56.3,"data":{"shapes":[{"ty":"gr","it":[{"ind":0,"ty":"sh","ix":1,"ks":{"a":0,"k":{"i":[[0,0],[0,0],[0,6.747],[13.797,0],[5.338,-6.143],[0,0],[-8.862,0],[0,-8.862],[8.359,-8.359],[0,0],[0,0],[0,0],[0,0]],"o":[[0,0],[9.265,-9.164],[0,-11.481],[-10.574,0],[0,0],[4.834,-5.539],[11.682,0],[0,5.338],[0,0],[0,0],[0,0],[0,0],[0,0]],"v":[[11.682,-4.633],[37.665,-30.515],[49.146,-52.368],[26.486,-70.999],[2.216,-61.331],[5.841,-58.109],[26.083,-66.266],[43.909,-51.865],[33.939,-33.234],[4.129,-3.625],[4.129,0],[52.57,0],[52.57,-4.633]],"c":true},"ix":2},"nm":"2","mn":"ADBE Vector Shape - Group","hd":false}],"nm":"2","np":3,"cix":2,"ix":1,"mn":"ADBE Vector Group","hd":false}]},"fFamily":"Montserrat"},{"ch":"k","size":72,"style":"Light","w":58.8,"data":{"shapes":[{"ty":"gr","it":[{"ind":0,"ty":"sh","ix":1,"ks":{"a":0,"k":{"i":[[0,0],[0,0],[0,0],[0,0],[0,0],[0,0],[0,0],[0,0],[0,0],[0,0],[0,0],[0,0]],"o":[[0,0],[0,0],[0,0],[0,0],[0,0],[0,0],[0,0],[0,0],[0,0],[0,0],[0,0],[0,0]],"v":[[51.764,0],[58.008,0],[33.133,-31.32],[55.792,-52.57],[49.347,-52.57],[15.71,-21.854],[15.71,-74.725],[10.675,-74.725],[10.675,0],[15.71,0],[15.71,-15.61],[29.407,-28.098]],"c":true},"ix":2},"nm":"k","mn":"ADBE Vector Shape - Group","hd":false}],"nm":"k","np":3,"cix":2,"ix":1,"mn":"ADBE Vector Group","hd":false}]},"fFamily":"Montserrat"},{"ch":"y","size":72,"style":"Light","w":52.5,"data":{"shapes":[{"ty":"gr","it":[{"ind":0,"ty":"sh","ix":1,"ks":{"a":0,"k":{"i":[[0,0],[0,0],[0,0],[0,0],[0,0],[0,0],[4.834,0],[2.719,2.82],[0,0],[-4.733,0],[-4.23,9.668],[0,0]],"o":[[0,0],[0,0],[0,0],[0,0],[0,0],[-3.223,7.15],[-3.928,0],[0,0],[3.021,3.122],[6.949,0],[0,0],[0,0]],"v":[[47.736,-52.57],[26.688,-5.539],[5.64,-52.57],[0.302,-52.57],[23.969,-0.201],[21.149,6.143],[9.567,15.509],[-0.201,11.38],[-2.719,15.207],[9.467,19.94],[25.882,7.15],[52.872,-52.57]],"c":true},"ix":2},"nm":"y","mn":"ADBE Vector Shape - Group","hd":false}],"nm":"y","np":3,"cix":2,"ix":1,"mn":"ADBE Vector Group","hd":false}]},"fFamily":"Montserrat"},{"ch":"h","size":72,"style":"Light","w":67.3,"data":{"shapes":[{"ty":"gr","it":[{"ind":0,"ty":"sh","ix":1,"ks":{"a":0,"k":{"i":[[12.79,0],[3.625,-7.15],[0,0],[0,0],[0,0],[0,0],[0,0],[-12.387,0],[0,-11.884],[0,0],[0,0],[0,0]],"o":[[-9.769,0],[0,0],[0,0],[0,0],[0,0],[0,0],[0,-12.488],[10.675,0],[0,0],[0,0],[0,0],[0,-14.703]],"v":[[36.356,-52.972],[15.71,-41.592],[15.71,-74.725],[10.675,-74.725],[10.675,0],[15.71,0],[15.71,-27.997],[35.651,-48.441],[52.67,-30.313],[52.67,0],[57.706,0],[57.706,-30.716]],"c":true},"ix":2},"nm":"h","mn":"ADBE Vector Shape - Group","hd":false}],"nm":"h","np":3,"cix":2,"ix":1,"mn":"ADBE Vector Group","hd":false}]},"fFamily":"Montserrat"},{"ch":"a","size":72,"style":"Light","w":58.3,"data":{"shapes":[{"ty":"gr","it":[{"ind":0,"ty":"sh","ix":1,"ks":{"a":0,"k":{"i":[[12.991,0],[5.237,-4.633],[0,0],[-7.251,0],[0,-9.769],[0,0],[0,0],[0,-7.956],[-11.783,0],[-3.323,6.042],[0,0],[0,0],[0,0]],"o":[[-8.157,0],[0,0],[4.33,-3.928],[10.272,0],[0,0],[0,0],[-14.603,0],[0,8.963],[9.164,0],[0,0],[0,0],[0,0],[0,-12.991]],"v":[[28.4,-52.972],[7.352,-45.52],[9.869,-41.895],[27.997,-48.541],[43.607,-33.536],[43.607,-29.306],[25.58,-29.306],[5.942,-14.603],[24.875,0.403],[43.808,-9.366],[43.808,0],[48.642,0],[48.642,-33.334]],"c":true},"ix":2},"nm":"a","mn":"ADBE Vector Shape - Group","hd":false},{"ind":1,"ty":"sh","ix":2,"ks":{"a":0,"k":{"i":[[8.862,0],[0,6.848],[-10.876,0],[0,0],[0,0]],"o":[[-9.265,0],[0,-6.042],[0,0],[0,0],[-3.021,7.553]],"v":[[25.58,-3.726],[10.977,-14.804],[25.681,-25.378],[43.607,-25.378],[43.607,-15.509]],"c":true},"ix":2},"nm":"a","mn":"ADBE Vector Shape - Group","hd":false}],"nm":"a","np":5,"cix":2,"ix":1,"mn":"ADBE Vector Group","hd":false}]},"fFamily":"Montserrat"},{"ch":"q","size":72,"style":"Light","w":67.5,"data":{"shapes":[{"ty":"gr","it":[{"ind":0,"ty":"sh","ix":1,"ks":{"a":0,"k":{"i":[[0,0],[0,0],[9.467,0],[0,-15.71],[-14.804,0],[-4.23,7.956],[0,0],[0,0],[0,0]],"o":[[0,0],[-4.129,-8.157],[-14.804,0],[0,15.811],[9.366,0],[0,0],[0,0],[0,0],[0,0]],"v":[[52.469,-52.57],[52.469,-40.182],[30.917,-52.972],[4.935,-26.285],[30.917,0.403],[52.368,-12.186],[52.368,19.537],[57.404,19.537],[57.404,-52.57]],"c":true},"ix":2},"nm":"q","mn":"ADBE Vector Shape - Group","hd":false},{"ind":1,"ty":"sh","ix":2,"ks":{"a":0,"k":{"i":[[12.085,0],[0,13.193],[-12.085,0],[0,-13.193]],"o":[[-12.085,0],[0,-13.193],[12.085,0],[0,13.193]],"v":[[31.219,-4.129],[10.071,-26.285],[31.219,-48.441],[52.368,-26.285]],"c":true},"ix":2},"nm":"q","mn":"ADBE Vector Shape - Group","hd":false}],"nm":"q","np":5,"cix":2,"ix":1,"mn":"ADBE Vector Group","hd":false}]},"fFamily":"Montserrat"},{"ch":"f","size":72,"style":"Light","w":32.8,"data":{"shapes":[{"ty":"gr","it":[{"ind":0,"ty":"sh","ix":1,"ks":{"a":0,"k":{"i":[[-6.546,0],[-2.115,-1.913],[0,0],[3.827,0],[0,-8.762],[0,0],[0,0],[0,0],[0,0],[0,0],[0,0],[0,0],[0,0],[0,0],[0,0],[0,0]],"o":[[3.122,0],[0,0],[-2.518,-2.316],[-9.366,0],[0,0],[0,0],[0,0],[0,0],[0,0],[0,0],[0,0],[0,0],[0,0],[0,0],[0,0],[0,-6.949]],"v":[[26.486,-70.798],[34.644,-67.877],[36.658,-71.704],[26.285,-75.128],[11.682,-60.626],[11.682,-52.57],[2.014,-52.57],[2.014,-48.239],[11.682,-48.239],[11.682,0],[16.718,0],[16.718,-48.239],[33.435,-48.239],[33.435,-52.57],[16.617,-52.57],[16.617,-60.223]],"c":true},"ix":2},"nm":"f","mn":"ADBE Vector Shape - Group","hd":false}],"nm":"f","np":3,"cix":2,"ix":1,"mn":"ADBE Vector Group","hd":false}]},"fFamily":"Montserrat"},{"ch":"l","size":72,"style":"Light","w":26.1,"data":{"shapes":[{"ty":"gr","it":[{"ind":0,"ty":"sh","ix":1,"ks":{"a":0,"k":{"i":[[0,0],[0,0],[0,0],[0,0]],"o":[[0,0],[0,0],[0,0],[0,0]],"v":[[10.675,0],[15.71,0],[15.71,-74.725],[10.675,-74.725]],"c":true},"ix":2},"nm":"l","mn":"ADBE Vector Shape - Group","hd":false}],"nm":"l","np":3,"cix":2,"ix":1,"mn":"ADBE Vector Group","hd":false}]},"fFamily":"Montserrat"},{"ch":"b","size":72,"style":"Light","w":67.5,"data":{"shapes":[{"ty":"gr","it":[{"ind":0,"ty":"sh","ix":1,"ks":{"a":0,"k":{"i":[[14.804,0],[4.23,-7.855],[0,0],[0,0],[0,0],[0,0],[0,0],[-9.467,0],[0,15.71]],"o":[[-9.265,0],[0,0],[0,0],[0,0],[0,0],[0,0],[4.129,8.057],[14.804,0],[0,-15.811]],"v":[[37.061,-52.972],[15.71,-40.585],[15.71,-74.725],[10.675,-74.725],[10.675,0],[15.509,0],[15.509,-12.387],[37.061,0.403],[63.043,-26.285]],"c":true},"ix":2},"nm":"b","mn":"ADBE Vector Shape - Group","hd":false},{"ind":1,"ty":"sh","ix":2,"ks":{"a":0,"k":{"i":[[12.085,0],[0,13.193],[-12.085,0],[0,-13.193]],"o":[[-12.085,0],[0,-13.193],[12.085,0],[0,13.193]],"v":[[36.758,-4.129],[15.61,-26.285],[36.758,-48.441],[58.008,-26.285]],"c":true},"ix":2},"nm":"b","mn":"ADBE Vector Shape - Group","hd":false}],"nm":"b","np":5,"cix":2,"ix":1,"mn":"ADBE Vector Group","hd":false}]},"fFamily":"Montserrat"},{"ch":"H","size":72,"style":"Light","w":81.4,"data":{"shapes":[{"ty":"gr","it":[{"ind":0,"ty":"sh","ix":1,"ks":{"a":0,"k":{"i":[[0,0],[0,0],[0,0],[0,0],[0,0],[0,0],[0,0],[0,0],[0,0],[0,0],[0,0],[0,0]],"o":[[0,0],[0,0],[0,0],[0,0],[0,0],[0,0],[0,0],[0,0],[0,0],[0,0],[0,0],[0,0]],"v":[[64.554,-70.496],[64.554,-38.068],[17.422,-38.068],[17.422,-70.496],[12.286,-70.496],[12.286,0],[17.422,0],[17.422,-33.536],[64.554,-33.536],[64.554,0],[69.69,0],[69.69,-70.496]],"c":true},"ix":2},"nm":"H","mn":"ADBE Vector Shape - Group","hd":false}],"nm":"H","np":3,"cix":2,"ix":1,"mn":"ADBE Vector Group","hd":false}]},"fFamily":"Montserrat"},{"ch":"N","size":72,"style":"Light","w":81.4,"data":{"shapes":[{"ty":"gr","it":[{"ind":0,"ty":"sh","ix":1,"ks":{"a":0,"k":{"i":[[0,0],[0,0],[0,0],[0,0],[0,0],[0,0],[0,0],[0,0],[0,0],[0,0]],"o":[[0,0],[0,0],[0,0],[0,0],[0,0],[0,0],[0,0],[0,0],[0,0],[0,0]],"v":[[64.554,-70.496],[64.554,-9.265],[16.617,-70.496],[12.286,-70.496],[12.286,0],[17.422,0],[17.422,-61.23],[65.46,0],[69.69,0],[69.69,-70.496]],"c":true},"ix":2},"nm":"N","mn":"ADBE Vector Shape - Group","hd":false}],"nm":"N","np":3,"cix":2,"ix":1,"mn":"ADBE Vector Group","hd":false}]},"fFamily":"Montserrat"},{"ch":"v","size":72,"style":"Light","w":52.5,"data":{"shapes":[{"ty":"gr","it":[{"ind":0,"ty":"sh","ix":1,"ks":{"a":0,"k":{"i":[[0,0],[0,0],[0,0],[0,0],[0,0],[0,0],[0,0]],"o":[[0,0],[0,0],[0,0],[0,0],[0,0],[0,0],[0,0]],"v":[[47.736,-52.57],[26.587,-5.539],[5.64,-52.57],[0.302,-52.57],[23.969,0],[29.105,0],[52.872,-52.57]],"c":true},"ix":2},"nm":"v","mn":"ADBE Vector Shape - Group","hd":false}],"nm":"v","np":3,"cix":2,"ix":1,"mn":"ADBE Vector Group","hd":false}]},"fFamily":"Montserrat"},{"ch":"p","size":72,"style":"Light","w":67.5,"data":{"shapes":[{"ty":"gr","it":[{"ind":0,"ty":"sh","ix":1,"ks":{"a":0,"k":{"i":[[14.804,0],[4.129,-8.057],[0,0],[0,0],[0,0],[0,0],[0,0],[-9.265,0],[0,15.811]],"o":[[-9.467,0],[0,0],[0,0],[0,0],[0,0],[0,0],[4.23,7.855],[14.804,0],[0,-15.71]],"v":[[37.061,-52.972],[15.509,-40.182],[15.509,-52.57],[10.675,-52.57],[10.675,19.537],[15.71,19.537],[15.71,-11.984],[37.061,0.403],[63.043,-26.285]],"c":true},"ix":2},"nm":"p","mn":"ADBE Vector Shape - Group","hd":false},{"ind":1,"ty":"sh","ix":2,"ks":{"a":0,"k":{"i":[[12.085,0],[0,13.193],[-12.085,0],[0,-13.193]],"o":[[-12.085,0],[0,-13.193],[12.085,0],[0,13.193]],"v":[[36.758,-4.129],[15.61,-26.285],[36.758,-48.441],[58.008,-26.285]],"c":true},"ix":2},"nm":"p","mn":"ADBE Vector Shape - Group","hd":false}],"nm":"p","np":5,"cix":2,"ix":1,"mn":"ADBE Vector Group","hd":false}]},"fFamily":"Montserrat"},{"ch":"s","size":72,"style":"Light","w":47.8,"data":{"shapes":[{"ty":"gr","it":[{"ind":0,"ty":"sh","ix":1,"ks":{"a":0,"k":{"i":[[-8.661,0],[0,8.56],[0,15.811],[-10.272,0],[-4.431,-3.223],[0,0],[6.647,0],[0,-7.956],[0,-15.308],[11.078,0],[4.028,3.424],[0,0]],"o":[[13.394,0],[0,-20.041],[0,-5.64],[5.64,0],[0,0],[-4.129,-3.122],[-13.293,0],[0,20.645],[0,5.942],[-7.755,0],[0,0],[4.129,3.827]],"v":[[23.969,0.403],[44.714,-13.998],[9.869,-38.672],[24.673,-48.541],[40.485,-43.808],[42.801,-47.836],[24.774,-52.972],[4.834,-38.571],[39.679,-13.898],[24.17,-4.028],[5.237,-10.373],[2.921,-6.345]],"c":true},"ix":2},"nm":"s","mn":"ADBE Vector Shape - Group","hd":false}],"nm":"s","np":3,"cix":2,"ix":1,"mn":"ADBE Vector Group","hd":false}]},"fFamily":"Montserrat"},{"ch":"w","size":72,"style":"Light","w":85.9,"data":{"shapes":[{"ty":"gr","it":[{"ind":0,"ty":"sh","ix":1,"ks":{"a":0,"k":{"i":[[0,0],[0,0],[0,0],[0,0],[0,0],[0,0],[0,0],[0,0],[0,0],[0,0],[0,0],[0,0],[0,0]],"o":[[0,0],[0,0],[0,0],[0,0],[0,0],[0,0],[0,0],[0,0],[0,0],[0,0],[0,0],[0,0],[0,0]],"v":[[81.171,-52.57],[63.446,-5.74],[45.621,-52.57],[41.29,-52.57],[23.364,-5.64],[5.841,-52.57],[1.007,-52.57],[20.947,0],[25.58,0],[43.405,-45.621],[61.13,0],[65.863,0],[85.803,-52.57]],"c":true},"ix":2},"nm":"w","mn":"ADBE Vector Shape - Group","hd":false}],"nm":"w","np":3,"cix":2,"ix":1,"mn":"ADBE Vector Group","hd":false}]},"fFamily":"Montserrat"},{"ch":"V","size":72,"style":"Light","w":68.7,"data":{"shapes":[{"ty":"gr","it":[{"ind":0,"ty":"sh","ix":1,"ks":{"a":0,"k":{"i":[[0,0],[0,0],[0,0],[0,0],[0,0],[0,0],[0,0]],"o":[[0,0],[0,0],[0,0],[0,0],[0,0],[0,0],[0,0]],"v":[[63.245,-70.496],[34.744,-6.647],[6.244,-70.496],[0.604,-70.496],[32.025,0],[37.161,0],[68.582,-70.496]],"c":true},"ix":2},"nm":"V","mn":"ADBE Vector Shape - Group","hd":false}],"nm":"V","np":3,"cix":2,"ix":1,"mn":"ADBE Vector Group","hd":false}]},"fFamily":"Montserrat"},{"ch":"j","size":72,"style":"Light","w":26.6,"data":{"shapes":[{"ty":"gr","it":[{"ind":0,"ty":"sh","ix":1,"ks":{"a":0,"k":{"i":[[-2.316,0],[0,2.316],[2.316,0],[0,-2.216]],"o":[[2.316,0],[0,-2.216],[-2.316,0],[0,2.216]],"v":[[13.696,-65.359],[17.825,-69.489],[13.696,-73.517],[9.567,-69.388]],"c":true},"ix":2},"nm":"j","mn":"ADBE Vector Shape - Group","hd":false},{"ind":1,"ty":"sh","ix":2,"ks":{"a":0,"k":{"i":[[-4.23,0],[0,8.862],[0,0],[0,0],[0,0],[6.143,0],[2.115,1.913],[0,0]],"o":[[9.164,0],[0,0],[0,0],[0,0],[0,6.848],[-3.424,0],[0,0],[2.518,2.417]],"v":[[2.014,19.94],[16.214,5.237],[16.214,-52.57],[11.179,-52.57],[11.179,5.035],[1.712,15.61],[-6.848,12.689],[-8.862,16.415]],"c":true},"ix":2},"nm":"j","mn":"ADBE Vector Shape - Group","hd":false}],"nm":"j","np":5,"cix":2,"ix":1,"mn":"ADBE Vector Group","hd":false}]},"fFamily":"Montserrat"},{"ch":"D","size":72,"style":"Light","w":82.6,"data":{"shapes":[{"ty":"gr","it":[{"ind":0,"ty":"sh","ix":1,"ks":{"a":0,"k":{"i":[[0,0],[0,0],[0,20.544],[22.357,0],[0,0]],"o":[[0,0],[22.357,0],[0,-20.544],[0,0],[0,0]],"v":[[12.286,0],[40.182,0],[77.646,-35.248],[40.182,-70.496],[12.286,-70.496]],"c":true},"ix":2},"nm":"D","mn":"ADBE Vector Shape - Group","hd":false},{"ind":1,"ty":"sh","ix":2,"ks":{"a":0,"k":{"i":[[0,0],[0,0],[0,0],[0,-17.926],[19.94,0]],"o":[[0,0],[0,0],[19.94,0],[0,17.926],[0,0]],"v":[[17.422,-4.633],[17.422,-65.863],[39.78,-65.863],[72.51,-35.248],[39.78,-4.633]],"c":true},"ix":2},"nm":"D","mn":"ADBE Vector Shape - Group","hd":false}],"nm":"D","np":5,"cix":2,"ix":1,"mn":"ADBE Vector Group","hd":false}]},"fFamily":"Montserrat"},{"ch":"_","size":72,"style":"Bold","w":50,"data":{"shapes":[{"ty":"gr","it":[{"ind":0,"ty":"sh","ix":1,"ks":{"a":0,"k":{"i":[[0,0],[0,0],[0,0],[0,0]],"o":[[0,0],[0,0],[0,0],[0,0]],"v":[[0,9.064],[50.354,9.064],[50.354,0],[0,0]],"c":true},"ix":2},"nm":"_","mn":"ADBE Vector Shape - Group","hd":false}],"nm":"_","np":3,"cix":2,"ix":1,"mn":"ADBE Vector Group","hd":false}]},"fFamily":"Montserrat"},{"ch":"W","size":72,"style":"Bold","w":116.3,"data":{"shapes":[{"ty":"gr","it":[{"ind":0,"ty":"sh","ix":1,"ks":{"a":0,"k":{"i":[[0,0],[0,0],[0,0],[0,0],[0,0],[0,0],[0,0],[0,0],[0,0],[0,0],[0,0],[0,0],[0,0]],"o":[[0,0],[0,0],[0,0],[0,0],[0,0],[0,0],[0,0],[0,0],[0,0],[0,0],[0,0],[0,0],[0,0]],"v":[[99.298,-70.496],[82.883,-20.544],[66.769,-70.496],[51.663,-70.496],[35.046,-20.947],[19.135,-70.496],[2.216,-70.496],[25.378,0],[42.801,0],[58.813,-47.736],[74.323,0],[91.846,0],[114.908,-70.496]],"c":true},"ix":2},"nm":"W","mn":"ADBE Vector Shape - Group","hd":false}],"nm":"W","np":3,"cix":2,"ix":1,"mn":"ADBE Vector Group","hd":false}]},"fFamily":"Montserrat"}]}