{"v":"5.1.4","fr":25,"ip":0,"op":109,"w":1200,"h":300,"nm":"_Text_animations 5","ddd":0,"assets":[{"id":"comp_8","layers":[{"ddd":0,"ind":1,"ty":5,"nm":"M","sr":1,"ks":{"o":{"a":1,"k":[{"t":0,"s":[0],"h":1},{"t":14,"s":[100],"h":1}],"ix":11},"r":{"a":0,"k":0,"ix":10},"p":{"a":0,"k":[332.526,156.25,0],"ix":2},"a":{"a":0,"k":[10.5,-0.25,0],"ix":1},"s":{"a":0,"k":[100,100,100],"ix":6}},"ao":0,"t":{"d":{"k":[{"s":{"s":140,"f":"Montserrat-Bold","t":"M","j":2,"tr":0,"lh":168,"ls":0,"fc":[0.14,0.61,0.78]},"t":0}]},"p":{},"m":{"g":1,"a":{"a":0,"k":[0,0],"ix":2}},"a":[]},"ip":0,"op":268,"st":8,"bm":0},{"ddd":0,"ind":2,"ty":5,"nm":"N","sr":1,"ks":{"o":{"a":0,"k":100,"ix":11},"r":{"a":0,"k":0,"ix":10},"p":{"a":0,"k":[258.672,156.5,0],"ix":2},"a":{"a":0,"k":[0,0,0],"ix":1},"s":{"a":0,"k":[100,100,100],"ix":6}},"ao":0,"t":{"d":{"k":[{"s":{"s":140,"f":"Montserrat-UltraLight","t":"N","j":0,"tr":0,"lh":168,"ls":0,"fc":[0.14,0.61,0.78]},"t":0}]},"p":{},"m":{"g":1,"a":{"a":0,"k":[0,0],"ix":2}},"a":[]},"ip":0,"op":1,"st":8,"bm":0},{"ddd":0,"ind":3,"ty":5,"nm":"BY","sr":1,"ks":{"o":{"a":1,"k":[{"t":0,"s":[0],"h":1},{"t":1,"s":[100],"h":1}],"ix":11},"r":{"a":0,"k":0,"ix":10},"p":{"a":0,"k":[258.672,156.5,0],"ix":2},"a":{"a":0,"k":[0,0,0],"ix":1},"s":{"a":0,"k":[100,100,100],"ix":6}},"ao":0,"t":{"d":{"k":[{"s":{"s":140,"f":"Montserrat-UltraLight","t":"BY","j":0,"tr":0,"lh":168,"ls":0,"fc":[0.14,0.61,0.78]},"t":0}]},"p":{},"m":{"g":1,"a":{"a":0,"k":[0,0],"ix":2}},"a":[]},"ip":0,"op":2,"st":8,"bm":0},{"ddd":0,"ind":4,"ty":5,"nm":"SOU","sr":1,"ks":{"o":{"a":1,"k":[{"t":0,"s":[0],"h":1},{"t":2,"s":[100],"h":1}],"ix":11},"r":{"a":0,"k":0,"ix":10},"p":{"a":0,"k":[270.234,156.5,0],"ix":2},"a":{"a":0,"k":[0,0,0],"ix":1},"s":{"a":0,"k":[100,100,100],"ix":6}},"ao":0,"t":{"d":{"k":[{"s":{"s":140,"f":"Montserrat-UltraLight","t":"SOU","j":0,"tr":0,"lh":168,"ls":0,"fc":[0.14,0.61,0.78]},"t":0}]},"p":{},"m":{"g":1,"a":{"a":0,"k":[0,0],"ix":2}},"a":[]},"ip":0,"op":3,"st":8,"bm":0},{"ddd":0,"ind":5,"ty":5,"nm":"NLVX","sr":1,"ks":{"o":{"a":1,"k":[{"t":0,"s":[0],"h":1},{"t":3,"s":[100],"h":1}],"ix":11},"r":{"a":0,"k":0,"ix":10},"p":{"a":0,"k":[258.672,156.5,0],"ix":2},"a":{"a":0,"k":[0,0,0],"ix":1},"s":{"a":0,"k":[100,100,100],"ix":6}},"ao":0,"t":{"d":{"k":[{"s":{"s":140,"f":"Montserrat-UltraLight","t":"NLVX","j":0,"tr":0,"lh":168,"ls":0,"fc":[0.14,0.61,0.78]},"t":0}]},"p":{},"m":{"g":1,"a":{"a":0,"k":[0,0],"ix":2}},"a":[]},"ip":0,"op":4,"st":8,"bm":0},{"ddd":0,"ind":6,"ty":5,"nm":"MSBTX","sr":1,"ks":{"o":{"a":1,"k":[{"t":0,"s":[0],"h":1},{"t":4,"s":[100],"h":1}],"ix":11},"r":{"a":0,"k":0,"ix":10},"p":{"a":0,"k":[258.672,156.5,0],"ix":2},"a":{"a":0,"k":[0,0,0],"ix":1},"s":{"a":0,"k":[100,100,100],"ix":6}},"ao":0,"t":{"d":{"k":[{"s":{"s":140,"f":"Montserrat-UltraLight","t":"MSBTX","j":0,"tr":0,"lh":168,"ls":0,"fc":[0.14,0.61,0.78]},"t":0}]},"p":{},"m":{"g":1,"a":{"a":0,"k":[0,0],"ix":2}},"a":[]},"ip":0,"op":5,"st":8,"bm":0},{"ddd":0,"ind":7,"ty":5,"nm":"MAVKUI","sr":1,"ks":{"o":{"a":1,"k":[{"t":0,"s":[0],"h":1},{"t":5,"s":[100],"h":1}],"ix":11},"r":{"a":0,"k":0,"ix":10},"p":{"a":0,"k":[258.672,156.5,0],"ix":2},"a":{"a":0,"k":[0,0,0],"ix":1},"s":{"a":0,"k":[100,100,100],"ix":6}},"ao":0,"t":{"d":{"k":[{"s":{"s":140,"f":"Montserrat-UltraLight","t":"MAVKUI","j":0,"tr":0,"lh":168,"ls":0,"fc":[0.14,0.61,0.78]},"t":0}]},"p":{},"m":{"g":1,"a":{"a":0,"k":[0,0],"ix":2}},"a":[]},"ip":0,"op":6,"st":8,"bm":0},{"ddd":0,"ind":8,"ty":5,"nm":"MENDCD","sr":1,"ks":{"o":{"a":1,"k":[{"t":0,"s":[0],"h":1},{"t":6,"s":[100],"h":1}],"ix":11},"r":{"a":0,"k":0,"ix":10},"p":{"a":0,"k":[258.672,156.5,0],"ix":2},"a":{"a":0,"k":[0,0,0],"ix":1},"s":{"a":0,"k":[100,100,100],"ix":6}},"ao":0,"t":{"d":{"k":[{"s":{"s":140,"f":"Montserrat-UltraLight","t":"MENDCD","j":0,"tr":0,"lh":168,"ls":0,"fc":[0.14,0.61,0.78]},"t":0}]},"p":{},"m":{"g":1,"a":{"a":0,"k":[0,0],"ix":2}},"a":[]},"ip":0,"op":7,"st":8,"bm":0},{"ddd":0,"ind":9,"ty":5,"nm":"MEMOSPJ","sr":1,"ks":{"o":{"a":1,"k":[{"t":0,"s":[0],"h":1},{"t":7,"s":[100],"h":1}],"ix":11},"r":{"a":0,"k":0,"ix":10},"p":{"a":0,"k":[258.672,156.5,0],"ix":2},"a":{"a":0,"k":[0,0,0],"ix":1},"s":{"a":0,"k":[100,100,100],"ix":6}},"ao":0,"t":{"d":{"k":[{"s":{"s":140,"f":"Montserrat-UltraLight","t":"MEMOSPJ","j":0,"tr":0,"lh":168,"ls":0,"fc":[0.14,0.61,0.78]},"t":0}]},"p":{},"m":{"g":1,"a":{"a":0,"k":[0,0],"ix":2}},"a":[]},"ip":0,"op":8,"st":8,"bm":0},{"ddd":0,"ind":10,"ty":5,"nm":"MEMEBYM","sr":1,"ks":{"o":{"a":1,"k":[{"t":0,"s":[0],"h":1},{"t":8,"s":[100],"h":1}],"ix":11},"r":{"a":0,"k":0,"ix":10},"p":{"a":0,"k":[258.672,156.5,0],"ix":2},"a":{"a":0,"k":[0,0,0],"ix":1},"s":{"a":0,"k":[100,100,100],"ix":6}},"ao":0,"t":{"d":{"k":[{"s":{"s":140,"f":"Montserrat-UltraLight","t":"MEMEBYM","j":0,"tr":0,"lh":168,"ls":0,"fc":[0.14,0.61,0.78]},"t":0}]},"p":{},"m":{"g":1,"a":{"a":0,"k":[0,0],"ix":2}},"a":[]},"ip":0,"op":9,"st":8,"bm":0},{"ddd":0,"ind":11,"ty":5,"nm":"MEMAWINI","sr":1,"ks":{"o":{"a":1,"k":[{"t":0,"s":[0],"h":1},{"t":9,"s":[100],"h":1}],"ix":11},"r":{"a":0,"k":0,"ix":10},"p":{"a":0,"k":[258.672,156.5,0],"ix":2},"a":{"a":0,"k":[0,0,0],"ix":1},"s":{"a":0,"k":[100,100,100],"ix":6}},"ao":0,"t":{"d":{"k":[{"s":{"s":140,"f":"Montserrat-UltraLight","t":"MEMAWINI","j":0,"tr":0,"lh":168,"ls":0,"fc":[0.14,0.61,0.78]},"t":0}]},"p":{},"m":{"g":1,"a":{"a":0,"k":[0,0],"ix":2}},"a":[]},"ip":0,"op":10,"st":8,"bm":0},{"ddd":0,"ind":12,"ty":5,"nm":"MEMOYLSU","sr":1,"ks":{"o":{"a":1,"k":[{"t":0,"s":[0],"h":1},{"t":10,"s":[100],"h":1}],"ix":11},"r":{"a":0,"k":0,"ix":10},"p":{"a":0,"k":[258.672,156.5,0],"ix":2},"a":{"a":0,"k":[0,0,0],"ix":1},"s":{"a":0,"k":[100,100,100],"ix":6}},"ao":0,"t":{"d":{"k":[{"s":{"s":140,"f":"Montserrat-UltraLight","t":"MEMOYLSU","j":0,"tr":0,"lh":168,"ls":0,"fc":[0.14,0.61,0.78]},"t":0}]},"p":{},"m":{"g":1,"a":{"a":0,"k":[0,0],"ix":2}},"a":[]},"ip":0,"op":11,"st":8,"bm":0},{"ddd":0,"ind":13,"ty":5,"nm":"MEMORJGVI","sr":1,"ks":{"o":{"a":1,"k":[{"t":0,"s":[0],"h":1},{"t":11,"s":[100],"h":1}],"ix":11},"r":{"a":0,"k":0,"ix":10},"p":{"a":0,"k":[258.672,156.5,0],"ix":2},"a":{"a":0,"k":[0,0,0],"ix":1},"s":{"a":0,"k":[100,100,100],"ix":6}},"ao":0,"t":{"d":{"k":[{"s":{"s":140,"f":"Montserrat-UltraLight","t":"MEMORJGVI","j":0,"tr":0,"lh":168,"ls":0,"fc":[0.14,0.61,0.78]},"t":0}]},"p":{},"m":{"g":1,"a":{"a":0,"k":[0,0],"ix":2}},"a":[]},"ip":0,"op":12,"st":8,"bm":0},{"ddd":0,"ind":14,"ty":5,"nm":"MEMORIZSK","sr":1,"ks":{"o":{"a":1,"k":[{"t":0,"s":[0],"h":1},{"t":12,"s":[100],"h":1}],"ix":11},"r":{"a":0,"k":0,"ix":10},"p":{"a":0,"k":[258.672,156.5,0],"ix":2},"a":{"a":0,"k":[0,0,0],"ix":1},"s":{"a":0,"k":[100,100,100],"ix":6}},"ao":0,"t":{"d":{"k":[{"s":{"s":140,"f":"Montserrat-UltraLight","t":"MEMORIZSK","j":0,"tr":0,"lh":168,"ls":0,"fc":[0.14,0.61,0.78]},"t":0}]},"p":{},"m":{"g":1,"a":{"a":0,"k":[0,0],"ix":2}},"a":[]},"ip":0,"op":13,"st":8,"bm":0},{"ddd":0,"ind":15,"ty":5,"nm":"MEMORIZEG","sr":1,"ks":{"o":{"a":1,"k":[{"t":0,"s":[0],"h":1},{"t":13,"s":[100],"h":1}],"ix":11},"r":{"a":0,"k":0,"ix":10},"p":{"a":0,"k":[258.672,156.5,0],"ix":2},"a":{"a":0,"k":[0,0,0],"ix":1},"s":{"a":0,"k":[100,100,100],"ix":6}},"ao":0,"t":{"d":{"k":[{"s":{"s":140,"f":"Montserrat-UltraLight","t":"MEMORIZEG","j":0,"tr":0,"lh":168,"ls":0,"fc":[0.14,0.61,0.78]},"t":0}]},"p":{},"m":{"g":1,"a":{"a":0,"k":[0,0],"ix":2}},"a":[]},"ip":0,"op":14,"st":8,"bm":0},{"ddd":0,"ind":16,"ty":5,"nm":"MEMORIZED","sr":1,"ks":{"o":{"a":1,"k":[{"t":0,"s":[0],"h":1},{"t":14,"s":[100],"h":1}],"ix":11},"r":{"a":0,"k":0,"ix":10},"p":{"a":0,"k":[258.672,156.5,0],"ix":2},"a":{"a":0,"k":[0,0,0],"ix":1},"s":{"a":0,"k":[100,100,100],"ix":6}},"ao":0,"t":{"d":{"k":[{"s":{"s":140,"f":"Montserrat-UltraLight","t":"MEMORIZED","j":0,"tr":0,"lh":168,"ls":0,"fc":[0.14,0.61,0.78]},"t":0}]},"p":{},"m":{"g":1,"a":{"a":0,"k":[0,0],"ix":2}},"a":[]},"ip":0,"op":268,"st":8,"bm":0}]},{"id":"comp_9","layers":[{"ddd":0,"ind":1,"ty":5,"nm":"R","sr":1,"ks":{"o":{"a":1,"k":[{"t":0,"s":[0],"h":1},{"t":1,"s":[100],"h":1}],"ix":11},"r":{"a":0,"k":0,"ix":10},"p":{"a":0,"k":[730,215.375,0],"ix":2},"a":{"a":0,"k":[-3.968,-25.125,0],"ix":1},"s":{"a":0,"k":[100,100,100],"ix":6}},"ao":0,"t":{"d":{"k":[{"s":{"s":72,"f":"Montserrat-UltraLight","t":"R","j":0,"tr":0,"lh":86.4,"ls":0,"fc":[0.14,0.61,0.78]},"t":0}]},"p":{},"m":{"g":1,"a":{"a":0,"k":[0,0],"ix":2}},"a":[]},"ip":0,"op":2,"st":-6,"bm":0},{"ddd":0,"ind":2,"ty":5,"nm":"B","sr":1,"ks":{"o":{"a":1,"k":[{"t":0,"s":[0],"h":1},{"t":2,"s":[100],"h":1}],"ix":11},"r":{"a":0,"k":0,"ix":10},"p":{"a":0,"k":[730,215.375,0],"ix":2},"a":{"a":0,"k":[-3.968,-25.125,0],"ix":1},"s":{"a":0,"k":[100,100,100],"ix":6}},"ao":0,"t":{"d":{"k":[{"s":{"s":72,"f":"Montserrat-UltraLight","t":"B","j":0,"tr":0,"lh":86.4,"ls":0,"fc":[0.14,0.61,0.78]},"t":0}]},"p":{},"m":{"g":1,"a":{"a":0,"k":[0,0],"ix":2}},"a":[]},"ip":0,"op":3,"st":-6,"bm":0},{"ddd":0,"ind":3,"ty":5,"nm":"GI","sr":1,"ks":{"o":{"a":1,"k":[{"t":0,"s":[0],"h":1},{"t":3,"s":[100],"h":1}],"ix":11},"r":{"a":0,"k":0,"ix":10},"p":{"a":0,"k":[730,215.375,0],"ix":2},"a":{"a":0,"k":[-3.968,-25.125,0],"ix":1},"s":{"a":0,"k":[100,100,100],"ix":6}},"ao":0,"t":{"d":{"k":[{"s":{"s":72,"f":"Montserrat-UltraLight","t":"GI","j":0,"tr":0,"lh":86.4,"ls":0,"fc":[0.14,0.61,0.78]},"t":0}]},"p":{},"m":{"g":1,"a":{"a":0,"k":[0,0],"ix":2}},"a":[]},"ip":0,"op":4,"st":-6,"bm":0},{"ddd":0,"ind":4,"ty":5,"nm":"KN","sr":1,"ks":{"o":{"a":1,"k":[{"t":0,"s":[0],"h":1},{"t":4,"s":[100],"h":1}],"ix":11},"r":{"a":0,"k":0,"ix":10},"p":{"a":0,"k":[730,215.375,0],"ix":2},"a":{"a":0,"k":[-3.968,-25.125,0],"ix":1},"s":{"a":0,"k":[100,100,100],"ix":6}},"ao":0,"t":{"d":{"k":[{"s":{"s":72,"f":"Montserrat-UltraLight","t":"KN","j":0,"tr":0,"lh":86.4,"ls":0,"fc":[0.14,0.61,0.78]},"t":0}]},"p":{},"m":{"g":1,"a":{"a":0,"k":[0,0],"ix":2}},"a":[]},"ip":0,"op":5,"st":-6,"bm":0},{"ddd":0,"ind":5,"ty":5,"nm":"BZI","sr":1,"ks":{"o":{"a":1,"k":[{"t":0,"s":[0],"h":1},{"t":5,"s":[100],"h":1}],"ix":11},"r":{"a":0,"k":0,"ix":10},"p":{"a":0,"k":[730,215.375,0],"ix":2},"a":{"a":0,"k":[-3.968,-25.125,0],"ix":1},"s":{"a":0,"k":[100,100,100],"ix":6}},"ao":0,"t":{"d":{"k":[{"s":{"s":72,"f":"Montserrat-UltraLight","t":"BZI","j":0,"tr":0,"lh":86.4,"ls":0,"fc":[0.14,0.61,0.78]},"t":0}]},"p":{},"m":{"g":1,"a":{"a":0,"k":[0,0],"ix":2}},"a":[]},"ip":0,"op":6,"st":-6,"bm":0},{"ddd":0,"ind":6,"ty":5,"nm":"ZKU","sr":1,"ks":{"o":{"a":1,"k":[{"t":0,"s":[0],"h":1},{"t":6,"s":[100],"h":1}],"ix":11},"r":{"a":0,"k":0,"ix":10},"p":{"a":0,"k":[730,215.375,0],"ix":2},"a":{"a":0,"k":[-3.968,-25.125,0],"ix":1},"s":{"a":0,"k":[100,100,100],"ix":6}},"ao":0,"t":{"d":{"k":[{"s":{"s":72,"f":"Montserrat-UltraLight","t":"ZKU","j":0,"tr":0,"lh":86.4,"ls":0,"fc":[0.14,0.61,0.78]},"t":0}]},"p":{},"m":{"g":1,"a":{"a":0,"k":[0,0],"ix":2}},"a":[]},"ip":0,"op":7,"st":-6,"bm":0},{"ddd":0,"ind":7,"ty":5,"nm":"SSVF","sr":1,"ks":{"o":{"a":1,"k":[{"t":0,"s":[0],"h":1},{"t":7,"s":[100],"h":1}],"ix":11},"r":{"a":0,"k":0,"ix":10},"p":{"a":0,"k":[730,215.375,0],"ix":2},"a":{"a":0,"k":[-3.968,-25.125,0],"ix":1},"s":{"a":0,"k":[100,100,100],"ix":6}},"ao":0,"t":{"d":{"k":[{"s":{"s":72,"f":"Montserrat-UltraLight","t":"SSVF","j":0,"tr":0,"lh":86.4,"ls":0,"fc":[0.14,0.61,0.78]},"t":0}]},"p":{},"m":{"g":1,"a":{"a":0,"k":[0,0],"ix":2}},"a":[]},"ip":0,"op":8,"st":-6,"bm":0},{"ddd":0,"ind":8,"ty":5,"nm":"SJWP","sr":1,"ks":{"o":{"a":1,"k":[{"t":0,"s":[0],"h":1},{"t":8,"s":[100],"h":1}],"ix":11},"r":{"a":0,"k":0,"ix":10},"p":{"a":0,"k":[730,215.375,0],"ix":2},"a":{"a":0,"k":[-3.968,-25.125,0],"ix":1},"s":{"a":0,"k":[100,100,100],"ix":6}},"ao":0,"t":{"d":{"k":[{"s":{"s":72,"f":"Montserrat-UltraLight","t":"SJWP","j":0,"tr":0,"lh":86.4,"ls":0,"fc":[0.14,0.61,0.78]},"t":0}]},"p":{},"m":{"g":1,"a":{"a":0,"k":[0,0],"ix":2}},"a":[]},"ip":0,"op":9,"st":-6,"bm":0},{"ddd":0,"ind":9,"ty":5,"nm":"SUDAR","sr":1,"ks":{"o":{"a":1,"k":[{"t":0,"s":[0],"h":1},{"t":9,"s":[100],"h":1}],"ix":11},"r":{"a":0,"k":0,"ix":10},"p":{"a":0,"k":[730,215.375,0],"ix":2},"a":{"a":0,"k":[-3.968,-25.125,0],"ix":1},"s":{"a":0,"k":[100,100,100],"ix":6}},"ao":0,"t":{"d":{"k":[{"s":{"s":72,"f":"Montserrat-UltraLight","t":"SUDAR","j":0,"tr":0,"lh":86.4,"ls":0,"fc":[0.14,0.61,0.78]},"t":0}]},"p":{},"m":{"g":1,"a":{"a":0,"k":[0,0],"ix":2}},"a":[]},"ip":0,"op":10,"st":-6,"bm":0},{"ddd":0,"ind":10,"ty":5,"nm":"SOAXZ","sr":1,"ks":{"o":{"a":1,"k":[{"t":0,"s":[0],"h":1},{"t":10,"s":[100],"h":1}],"ix":11},"r":{"a":0,"k":0,"ix":10},"p":{"a":0,"k":[730,215.375,0],"ix":2},"a":{"a":0,"k":[-3.968,-25.125,0],"ix":1},"s":{"a":0,"k":[100,100,100],"ix":6}},"ao":0,"t":{"d":{"k":[{"s":{"s":72,"f":"Montserrat-UltraLight","t":"SOAXZ","j":0,"tr":0,"lh":86.4,"ls":0,"fc":[0.14,0.61,0.78]},"t":0}]},"p":{},"m":{"g":1,"a":{"a":0,"k":[0,0],"ix":2}},"a":[]},"ip":0,"op":11,"st":-6,"bm":0},{"ddd":0,"ind":11,"ty":5,"nm":"SEHNK","sr":1,"ks":{"o":{"a":1,"k":[{"t":0,"s":[0],"h":1},{"t":11,"s":[100],"h":1}],"ix":11},"r":{"a":0,"k":0,"ix":10},"p":{"a":0,"k":[730,215.375,0],"ix":2},"a":{"a":0,"k":[-3.968,-25.125,0],"ix":1},"s":{"a":0,"k":[100,100,100],"ix":6}},"ao":0,"t":{"d":{"k":[{"s":{"s":72,"f":"Montserrat-UltraLight","t":"SEHNK","j":0,"tr":0,"lh":86.4,"ls":0,"fc":[0.14,0.61,0.78]},"t":0}]},"p":{},"m":{"g":1,"a":{"a":0,"k":[0,0],"ix":2}},"a":[]},"ip":0,"op":12,"st":-6,"bm":0},{"ddd":0,"ind":12,"ty":5,"nm":"SEGMYF","sr":1,"ks":{"o":{"a":1,"k":[{"t":0,"s":[0],"h":1},{"t":12,"s":[100],"h":1}],"ix":11},"r":{"a":0,"k":0,"ix":10},"p":{"a":0,"k":[730,215.375,0],"ix":2},"a":{"a":0,"k":[-3.968,-25.125,0],"ix":1},"s":{"a":0,"k":[100,100,100],"ix":6}},"ao":0,"t":{"d":{"k":[{"s":{"s":72,"f":"Montserrat-UltraLight","t":"SEGMYF","j":0,"tr":0,"lh":86.4,"ls":0,"fc":[0.14,0.61,0.78]},"t":0}]},"p":{},"m":{"g":1,"a":{"a":0,"k":[0,0],"ix":2}},"a":[]},"ip":0,"op":13,"st":-6,"bm":0},{"ddd":0,"ind":13,"ty":5,"nm":"SEGMEDI","sr":1,"ks":{"o":{"a":1,"k":[{"t":0,"s":[0],"h":1},{"t":13,"s":[100],"h":1}],"ix":11},"r":{"a":0,"k":0,"ix":10},"p":{"a":0,"k":[730,215.375,0],"ix":2},"a":{"a":0,"k":[-3.968,-25.125,0],"ix":1},"s":{"a":0,"k":[100,100,100],"ix":6}},"ao":0,"t":{"d":{"k":[{"s":{"s":72,"f":"Montserrat-UltraLight","t":"SEGMEDI","j":0,"tr":0,"lh":86.4,"ls":0,"fc":[0.14,0.61,0.78]},"t":0}]},"p":{},"m":{"g":1,"a":{"a":0,"k":[0,0],"ix":2}},"a":[]},"ip":0,"op":14,"st":-6,"bm":0},{"ddd":0,"ind":14,"ty":5,"nm":"SEGMENS","sr":1,"ks":{"o":{"a":1,"k":[{"t":0,"s":[0],"h":1},{"t":14,"s":[100],"h":1}],"ix":11},"r":{"a":0,"k":0,"ix":10},"p":{"a":0,"k":[730,215.375,0],"ix":2},"a":{"a":0,"k":[-3.968,-25.125,0],"ix":1},"s":{"a":0,"k":[100,100,100],"ix":6}},"ao":0,"t":{"d":{"k":[{"s":{"s":72,"f":"Montserrat-UltraLight","t":"SEGMENS","j":0,"tr":0,"lh":86.4,"ls":0,"fc":[0.14,0.61,0.78]},"t":0}]},"p":{},"m":{"g":1,"a":{"a":0,"k":[0,0],"ix":2}},"a":[]},"ip":0,"op":15,"st":-6,"bm":0},{"ddd":0,"ind":15,"ty":5,"nm":"SEGMENT","sr":1,"ks":{"o":{"a":1,"k":[{"t":0,"s":[0],"h":1},{"t":15,"s":[100],"h":1}],"ix":11},"r":{"a":0,"k":0,"ix":10},"p":{"a":0,"k":[730,215.375,0],"ix":2},"a":{"a":0,"k":[-3.968,-25.125,0],"ix":1},"s":{"a":0,"k":[100,100,100],"ix":6}},"ao":0,"t":{"d":{"k":[{"s":{"s":72,"f":"Montserrat-UltraLight","t":"SEGMENT","j":0,"tr":0,"lh":86.4,"ls":0,"fc":[0.14,0.61,0.78]},"t":0}]},"p":{},"m":{"g":1,"a":{"a":0,"k":[0,0],"ix":2}},"a":[]},"ip":0,"op":112,"st":-6,"bm":0}]}],"fonts":{"list":[{"fName":"Montserrat-UltraLight","fFamily":"Montserrat","fStyle":"Ultra Light","ascent":74.1989135742188},{"fName":"Montserrat-Bold","fFamily":"Montserrat","fStyle":"Bold","ascent":74.1989135742188}]},"layers":[{"ddd":0,"ind":1,"ty":4,"nm":"Shape Layer 1","sr":1,"ks":{"o":{"a":0,"k":100,"ix":11},"r":{"a":0,"k":0,"ix":10},"p":{"a":0,"k":[600,150,0],"ix":2},"a":{"a":0,"k":[0,0,0],"ix":1},"s":{"a":0,"k":[100,100,100],"ix":6}},"ao":0,"shapes":[{"ty":"gr","it":[{"ind":0,"ty":"sh","ix":1,"ks":{"a":0,"k":{"i":[[0,0],[0,0]],"o":[[0,0],[0,0]],"v":[[-119.5,7],[577.75,6]],"c":false},"ix":2},"nm":"Path 1","mn":"ADBE Vector Shape - Group","hd":false},{"ty":"tm","s":{"a":1,"k":[{"i":{"x":[0.833],"y":[0.833]},"o":{"x":[0.167],"y":[0.167]},"n":["0p833_0p833_0p167_0p167"],"t":1,"s":[0],"e":[18.918]},{"i":{"x":[0.833],"y":[0.833]},"o":{"x":[0.167],"y":[0.167]},"n":["0p833_0p833_0p167_0p167"],"t":3,"s":[18.918],"e":[56.755]},{"i":{"x":[0.833],"y":[0.833]},"o":{"x":[0.167],"y":[0.167]},"n":["0p833_0p833_0p167_0p167"],"t":6,"s":[56.755],"e":[100]},{"t":12}],"ix":1},"e":{"a":1,"k":[{"i":{"x":[0.833],"y":[0.833]},"o":{"x":[0.167],"y":[0.167]},"n":["0p833_0p833_0p167_0p167"],"t":1,"s":[0],"e":[100]},{"t":3}],"ix":2},"o":{"a":0,"k":0,"ix":3},"m":1,"ix":2,"nm":"Trim Paths 1","mn":"ADBE Vector Filter - Trim","hd":false},{"ty":"st","c":{"a":0,"k":[0.141176470588,0.61568627451,0.780392156863,1],"ix":3},"o":{"a":0,"k":100,"ix":4},"w":{"a":0,"k":3,"ix":5},"lc":1,"lj":1,"ml":4,"nm":"Stroke 1","mn":"ADBE Vector Graphic - Stroke","hd":false},{"ty":"tr","p":{"a":0,"k":[0,0],"ix":2},"a":{"a":0,"k":[0,0],"ix":1},"s":{"a":0,"k":[100,100],"ix":3},"r":{"a":0,"k":0,"ix":6},"o":{"a":0,"k":100,"ix":7},"sk":{"a":0,"k":0,"ix":4},"sa":{"a":0,"k":0,"ix":5},"nm":"Transform"}],"nm":"Shape 2","np":4,"cix":2,"ix":1,"mn":"ADBE Vector Group","hd":false},{"ty":"gr","it":[{"ind":0,"ty":"sh","ix":1,"ks":{"a":0,"k":{"i":[[0,0],[0,0]],"o":[[0,0],[0,0]],"v":[[271.75,90],[578,90]],"c":false},"ix":2},"nm":"Path 1","mn":"ADBE Vector Shape - Group","hd":false},{"ty":"tm","s":{"a":1,"k":[{"i":{"x":[0.833],"y":[0.833]},"o":{"x":[0.167],"y":[0.167]},"n":["0p833_0p833_0p167_0p167"],"t":2,"s":[0],"e":[56.755]},{"i":{"x":[0.833],"y":[0.833]},"o":{"x":[0.167],"y":[0.167]},"n":["0p833_0p833_0p167_0p167"],"t":8,"s":[56.755],"e":[71.362]},{"i":{"x":[0.833],"y":[0.833]},"o":{"x":[0.167],"y":[0.167]},"n":["0p833_0p833_0p167_0p167"],"t":9,"s":[71.362],"e":[74.745]},{"i":{"x":[0.833],"y":[0.833]},"o":{"x":[0.167],"y":[0.167]},"n":["0p833_0p833_0p167_0p167"],"t":12,"s":[74.745],"e":[100]},{"t":13}],"ix":1},"e":{"a":1,"k":[{"i":{"x":[0.833],"y":[0.833]},"o":{"x":[0.167],"y":[0.167]},"n":["0p833_0p833_0p167_0p167"],"t":2,"s":[0],"e":[100]},{"t":6}],"ix":2},"o":{"a":0,"k":0,"ix":3},"m":1,"ix":2,"nm":"Trim Paths 1","mn":"ADBE Vector Filter - Trim","hd":false},{"ty":"st","c":{"a":0,"k":[0.141176470588,0.61568627451,0.780392156863,1],"ix":3},"o":{"a":0,"k":100,"ix":4},"w":{"a":0,"k":3,"ix":5},"lc":1,"lj":1,"ml":4,"nm":"Stroke 1","mn":"ADBE Vector Graphic - Stroke","hd":false},{"ty":"tr","p":{"a":0,"k":[0,0],"ix":2},"a":{"a":0,"k":[0,0],"ix":1},"s":{"a":0,"k":[100,100],"ix":3},"r":{"a":0,"k":0,"ix":6},"o":{"a":0,"k":100,"ix":7},"sk":{"a":0,"k":0,"ix":4},"sa":{"a":0,"k":0,"ix":5},"nm":"Transform"}],"nm":"Shape 1","np":4,"cix":2,"ix":2,"mn":"ADBE Vector Group","hd":false}],"ip":0,"op":15,"st":1,"bm":0},{"ddd":0,"ind":2,"ty":0,"nm":"Memorized","refId":"comp_8","sr":1,"ks":{"o":{"a":0,"k":100,"ix":11},"r":{"a":0,"k":0,"ix":10},"p":{"a":0,"k":[629,150,0],"ix":2},"a":{"a":0,"k":[600,150,0],"ix":1},"s":{"a":0,"k":[100,100,100],"ix":6}},"ao":0,"w":1200,"h":300,"ip":1,"op":269,"st":1,"bm":0},{"ddd":0,"ind":3,"ty":0,"nm":"segment","refId":"comp_9","sr":1,"ks":{"o":{"a":0,"k":100,"ix":11},"r":{"a":0,"k":0,"ix":10},"p":{"a":0,"k":[689.609,150,0],"ix":2},"a":{"a":0,"k":[600,150,0],"ix":1},"s":{"a":0,"k":[100,100,100],"ix":6}},"ao":0,"w":1200,"h":300,"ip":0,"op":112,"st":0,"bm":0}],"markers":[{"tm":10,"cm":"2","dr":0}],"chars":[{"ch":"S","size":72,"style":"Ultra Light","w":59.9,"data":{"shapes":[{"ty":"gr","it":[{"ind":0,"ty":"sh","ix":1,"ks":{"a":0,"k":{"i":[[7.15,0],[0,-10.172],[0.201,-22.055],[12.085,0],[5.74,5.942],[0,0],[-9.366,0],[0,10.876],[0,21.451],[-11.179,0],[-5.237,-3.424],[0,0]],"o":[[-13.898,0],[0,25.378],[0,8.258],[-8.258,0],[0,0],[6.143,6.042],[14.703,0],[0.201,-25.983],[0,-7.352],[6.042,0],[0,0],[-5.237,-3.424]],"v":[[30.817,-70.596],[7.654,-53.879],[48.843,-17.725],[29.004,-4.23],[6.042,-13.797],[3.827,-10.071],[28.903,0.101],[53.375,-17.825],[12.186,-54.181],[30.615,-66.165],[49.045,-61.029],[50.958,-64.856]],"c":true},"ix":2},"nm":"S","mn":"ADBE Vector Shape - Group","hd":false}],"nm":"S","np":3,"cix":2,"ix":1,"mn":"ADBE Vector Group","hd":false}]},"fFamily":"Montserrat"},{"ch":"E","size":72,"style":"Ultra Light","w":64.7,"data":{"shapes":[{"ty":"gr","it":[{"ind":0,"ty":"sh","ix":1,"ks":{"a":0,"k":{"i":[[0,0],[0,0],[0,0],[0,0],[0,0],[0,0],[0,0],[0,0],[0,0],[0,0],[0,0],[0,0]],"o":[[0,0],[0,0],[0,0],[0,0],[0,0],[0,0],[0,0],[0,0],[0,0],[0,0],[0,0],[0,0]],"v":[[57.504,-66.266],[57.504,-70.395],[12.085,-70.395],[12.085,0],[58.813,0],[58.813,-4.129],[16.315,-4.129],[16.315,-33.939],[52.972,-33.939],[52.972,-38.168],[16.315,-38.168],[16.315,-66.266]],"c":true},"ix":2},"nm":"E","mn":"ADBE Vector Shape - Group","hd":false}],"nm":"E","np":3,"cix":2,"ix":1,"mn":"ADBE Vector Group","hd":false}]},"fFamily":"Montserrat"},{"ch":"G","size":72,"style":"Ultra Light","w":75.8,"data":{"shapes":[{"ty":"gr","it":[{"ind":0,"ty":"sh","ix":1,"ks":{"a":0,"k":{"i":[[0,0],[0,0],[7.755,0],[0,17.322],[-17.825,0],[-5.841,-5.237],[0,0],[9.467,0],[0,-19.537],[-20.041,0],[-6.546,5.64],[0,0]],"o":[[0,0],[-5.74,4.532],[-17.825,0],[0,-17.221],[8.459,0],[0,0],[-6.546,-5.74],[-20.142,0],[0,19.537],[9.366,0],[0,0],[0,0]],"v":[[62.137,-34.543],[62.137,-11.179],[41.19,-3.928],[8.862,-35.248],[41.19,-66.467],[63.446,-58.109],[65.964,-61.23],[41.19,-70.496],[4.633,-35.248],[40.988,0.101],[65.964,-9.064],[65.964,-34.543]],"c":true},"ix":2},"nm":"G","mn":"ADBE Vector Shape - Group","hd":false}],"nm":"G","np":3,"cix":2,"ix":1,"mn":"ADBE Vector Group","hd":false}]},"fFamily":"Montserrat"},{"ch":"M","size":72,"style":"Ultra Light","w":91.6,"data":{"shapes":[{"ty":"gr","it":[{"ind":0,"ty":"sh","ix":1,"ks":{"a":0,"k":{"i":[[0,0],[0,0],[0,0],[0,0],[0,0],[0,0],[0,0],[0,0],[0,0],[0,0],[0,0],[0,0],[0,0]],"o":[[0,0],[0,0],[0,0],[0,0],[0,0],[0,0],[0,0],[0,0],[0,0],[0,0],[0,0],[0,0],[0,0]],"v":[[80.164,0],[80.164,-70.395],[74.323,-70.395],[46.225,-15.005],[17.926,-70.395],[12.085,-70.395],[12.085,0],[16.113,0],[16.113,-64.554],[45.218,-7.654],[47.131,-7.654],[76.035,-64.554],[76.135,0]],"c":true},"ix":2},"nm":"M","mn":"ADBE Vector Shape - Group","hd":false}],"nm":"M","np":3,"cix":2,"ix":1,"mn":"ADBE Vector Group","hd":false}]},"fFamily":"Montserrat"},{"ch":"N","size":72,"style":"Ultra Light","w":79.7,"data":{"shapes":[{"ty":"gr","it":[{"ind":0,"ty":"sh","ix":1,"ks":{"a":0,"k":{"i":[[0,0],[0,0],[0,0],[0,0],[0,0],[0,0],[0,0],[0,0],[0,0],[0,0]],"o":[[0,0],[0,0],[0,0],[0,0],[0,0],[0,0],[0,0],[0,0],[0,0],[0,0]],"v":[[68.179,0],[68.179,-70.395],[64.05,-70.395],[64.05,-6.445],[17.02,-70.395],[12.085,-70.395],[12.085,0],[16.315,0],[16.315,-63.95],[63.245,0]],"c":true},"ix":2},"nm":"N","mn":"ADBE Vector Shape - Group","hd":false}],"nm":"N","np":3,"cix":2,"ix":1,"mn":"ADBE Vector Group","hd":false}]},"fFamily":"Montserrat"},{"ch":"T","size":72,"style":"Ultra Light","w":53.8,"data":{"shapes":[{"ty":"gr","it":[{"ind":0,"ty":"sh","ix":1,"ks":{"a":0,"k":{"i":[[0,0],[0,0],[0,0],[0,0],[0,0],[0,0],[0,0],[0,0]],"o":[[0,0],[0,0],[0,0],[0,0],[0,0],[0,0],[0,0],[0,0]],"v":[[52.972,-66.266],[52.972,-70.395],[1.208,-70.395],[1.208,-66.266],[24.976,-66.266],[24.976,0],[29.205,0],[29.205,-66.266]],"c":true},"ix":2},"nm":"T","mn":"ADBE Vector Shape - Group","hd":false}],"nm":"T","np":3,"cix":2,"ix":1,"mn":"ADBE Vector Group","hd":false}]},"fFamily":"Montserrat"},{"ch":"D","size":72,"style":"Ultra Light","w":80.3,"data":{"shapes":[{"ty":"gr","it":[{"ind":0,"ty":"sh","ix":1,"ks":{"a":0,"k":{"i":[[0,0],[0,0],[0,0],[0,19.537],[20.041,0]],"o":[[0,0],[0,0],[20.142,0],[0,-19.739],[0,0]],"v":[[12.085,-70.395],[12.085,0],[39.981,0],[76.236,-35.147],[40.082,-70.395]],"c":true},"ix":2},"nm":"D","mn":"ADBE Vector Shape - Group","hd":false},{"ind":1,"ty":"sh","ix":2,"ks":{"a":0,"k":{"i":[[0,0],[0,0],[0,-17.322],[17.624,0],[0,0]],"o":[[0,0],[17.725,0],[0,17.221],[0,0],[0,0]],"v":[[16.315,-66.266],[39.981,-66.266],[71.906,-35.147],[40.082,-4.129],[16.315,-4.129]],"c":true},"ix":2},"nm":"D","mn":"ADBE Vector Shape - Group","hd":false}],"nm":"D","np":5,"cix":2,"ix":1,"mn":"ADBE Vector Group","hd":false}]},"fFamily":"Montserrat"},{"ch":"I","size":72,"style":"Ultra Light","w":28.2,"data":{"shapes":[{"ty":"gr","it":[{"ind":0,"ty":"sh","ix":1,"ks":{"a":0,"k":{"i":[[0,0],[0,0],[0,0],[0,0]],"o":[[0,0],[0,0],[0,0],[0,0]],"v":[[16.315,0],[16.315,-70.395],[12.085,-70.395],[12.085,0]],"c":true},"ix":2},"nm":"I","mn":"ADBE Vector Shape - Group","hd":false}],"nm":"I","np":3,"cix":2,"ix":1,"mn":"ADBE Vector Group","hd":false}]},"fFamily":"Montserrat"},{"ch":"Y","size":72,"style":"Ultra Light","w":61.3,"data":{"shapes":[{"ty":"gr","it":[{"ind":0,"ty":"sh","ix":1,"ks":{"a":0,"k":{"i":[[0,0],[0,0],[0,0],[0,0],[0,0],[0,0],[0,0],[0,0],[0,0]],"o":[[0,0],[0,0],[0,0],[0,0],[0,0],[0,0],[0,0],[0,0],[0,0]],"v":[[33.133,-25.781],[60.928,-70.395],[56.396,-70.395],[31.018,-30.817],[5.338,-70.395],[0.806,-70.395],[29.004,-25.58],[29.004,0],[33.133,0]],"c":true},"ix":2},"nm":"Y","mn":"ADBE Vector Shape - Group","hd":false}],"nm":"Y","np":3,"cix":2,"ix":1,"mn":"ADBE Vector Group","hd":false}]},"fFamily":"Montserrat"},{"ch":"F","size":72,"style":"Ultra Light","w":55.2,"data":{"shapes":[{"ty":"gr","it":[{"ind":0,"ty":"sh","ix":1,"ks":{"a":0,"k":{"i":[[0,0],[0,0],[0,0],[0,0],[0,0],[0,0],[0,0],[0,0],[0,0],[0,0]],"o":[[0,0],[0,0],[0,0],[0,0],[0,0],[0,0],[0,0],[0,0],[0,0],[0,0]],"v":[[54.483,-66.266],[54.483,-70.395],[12.085,-70.395],[12.085,0],[16.315,0],[16.315,-31.622],[50.153,-31.622],[50.153,-35.852],[16.315,-35.852],[16.315,-66.266]],"c":true},"ix":2},"nm":"F","mn":"ADBE Vector Shape - Group","hd":false}],"nm":"F","np":3,"cix":2,"ix":1,"mn":"ADBE Vector Group","hd":false}]},"fFamily":"Montserrat"},{"ch":"H","size":72,"style":"Ultra Light","w":79.7,"data":{"shapes":[{"ty":"gr","it":[{"ind":0,"ty":"sh","ix":1,"ks":{"a":0,"k":{"i":[[0,0],[0,0],[0,0],[0,0],[0,0],[0,0],[0,0],[0,0],[0,0],[0,0],[0,0],[0,0]],"o":[[0,0],[0,0],[0,0],[0,0],[0,0],[0,0],[0,0],[0,0],[0,0],[0,0],[0,0],[0,0]],"v":[[68.179,0],[68.179,-70.395],[63.95,-70.395],[63.95,-37.363],[16.315,-37.363],[16.315,-70.395],[12.085,-70.395],[12.085,0],[16.315,0],[16.315,-33.234],[63.95,-33.234],[63.95,0]],"c":true},"ix":2},"nm":"H","mn":"ADBE Vector Shape - Group","hd":false}],"nm":"H","np":3,"cix":2,"ix":1,"mn":"ADBE Vector Group","hd":false}]},"fFamily":"Montserrat"},{"ch":"K","size":72,"style":"Ultra Light","w":68.1,"data":{"shapes":[{"ty":"gr","it":[{"ind":0,"ty":"sh","ix":1,"ks":{"a":0,"k":{"i":[[0,0],[0,0],[0,0],[0,0],[0,0],[0,0],[0,0],[0,0],[0,0],[0,0],[0,0],[0,0]],"o":[[0,0],[0,0],[0,0],[0,0],[0,0],[0,0],[0,0],[0,0],[0,0],[0,0],[0,0],[0,0]],"v":[[60.526,0],[65.863,0],[34.946,-39.175],[63.647,-70.395],[58.411,-70.395],[16.315,-25.076],[16.315,-70.395],[12.085,-70.395],[12.085,0],[16.315,0],[16.315,-18.933],[31.824,-35.852]],"c":true},"ix":2},"nm":"K","mn":"ADBE Vector Shape - Group","hd":false}],"nm":"K","np":3,"cix":2,"ix":1,"mn":"ADBE Vector Group","hd":false}]},"fFamily":"Montserrat"},{"ch":"O","size":72,"style":"Ultra Light","w":81,"data":{"shapes":[{"ty":"gr","it":[{"ind":0,"ty":"sh","ix":1,"ks":{"a":0,"k":{"i":[[20.142,0],[0,-19.537],[-20.142,0],[0,19.537]],"o":[[-20.142,0],[0,19.537],[20.142,0],[0,-19.537]],"v":[[41.089,-70.496],[4.633,-35.248],[41.089,0.101],[77.545,-35.248]],"c":true},"ix":2},"nm":"O","mn":"ADBE Vector Shape - Group","hd":false},{"ind":1,"ty":"sh","ix":2,"ks":{"a":0,"k":{"i":[[-17.624,0],[0,-17.221],[17.624,0],[0,17.221]],"o":[[17.624,0],[0,17.221],[-17.624,0],[0,-17.221]],"v":[[41.089,-66.367],[73.215,-35.248],[41.089,-4.028],[8.963,-35.248]],"c":true},"ix":2},"nm":"O","mn":"ADBE Vector Shape - Group","hd":false}],"nm":"O","np":5,"cix":2,"ix":1,"mn":"ADBE Vector Group","hd":false}]},"fFamily":"Montserrat"},{"ch":"A","size":72,"style":"Ultra Light","w":69.8,"data":{"shapes":[{"ty":"gr","it":[{"ind":0,"ty":"sh","ix":1,"ks":{"a":0,"k":{"i":[[0,0],[0,0],[0,0],[0,0],[0,0],[0,0],[0,0],[0,0]],"o":[[0,0],[0,0],[0,0],[0,0],[0,0],[0,0],[0,0],[0,0]],"v":[[55.692,-20.041],[64.856,0],[69.489,0],[37.262,-70.395],[32.73,-70.395],[0.806,0],[5.438,0],[14.502,-20.041]],"c":true},"ix":2},"nm":"A","mn":"ADBE Vector Shape - Group","hd":false},{"ind":1,"ty":"sh","ix":2,"ks":{"a":0,"k":{"i":[[0,0],[0,0],[0,0]],"o":[[0,0],[0,0],[0,0]],"v":[[53.778,-24.271],[16.315,-24.271],[34.946,-65.561]],"c":true},"ix":2},"nm":"A","mn":"ADBE Vector Shape - Group","hd":false}],"nm":"A","np":5,"cix":2,"ix":1,"mn":"ADBE Vector Group","hd":false}]},"fFamily":"Montserrat"},{"ch":"X","size":72,"style":"Ultra Light","w":63.8,"data":{"shapes":[{"ty":"gr","it":[{"ind":0,"ty":"sh","ix":1,"ks":{"a":0,"k":{"i":[[0,0],[0,0],[0,0],[0,0],[0,0],[0,0],[0,0],[0,0],[0,0],[0,0],[0,0],[0,0]],"o":[[0,0],[0,0],[0,0],[0,0],[0,0],[0,0],[0,0],[0,0],[0,0],[0,0],[0,0],[0,0]],"v":[[34.241,-36.557],[58.511,-70.395],[53.577,-70.395],[31.622,-40.082],[9.769,-70.395],[4.834,-70.395],[29.105,-36.356],[2.921,0],[7.855,0],[31.622,-32.831],[55.389,0],[60.425,0]],"c":true},"ix":2},"nm":"X","mn":"ADBE Vector Shape - Group","hd":false}],"nm":"X","np":3,"cix":2,"ix":1,"mn":"ADBE Vector Group","hd":false}]},"fFamily":"Montserrat"},{"ch":"Z","size":72,"style":"Ultra Light","w":65.4,"data":{"shapes":[{"ty":"gr","it":[{"ind":0,"ty":"sh","ix":1,"ks":{"a":0,"k":{"i":[[0,0],[0,0],[0,0],[0,0],[0,0],[0,0],[0,0],[0,0],[0,0],[0,0]],"o":[[0,0],[0,0],[0,0],[0,0],[0,0],[0,0],[0,0],[0,0],[0,0],[0,0]],"v":[[60.526,-66.367],[60.526,-70.395],[6.345,-70.395],[6.244,-66.266],[55.389,-66.266],[4.935,-4.028],[4.935,0],[60.928,0],[60.928,-4.129],[10.071,-4.129]],"c":true},"ix":2},"nm":"Z","mn":"ADBE Vector Shape - Group","hd":false}],"nm":"Z","np":3,"cix":2,"ix":1,"mn":"ADBE Vector Group","hd":false}]},"fFamily":"Montserrat"},{"ch":"U","size":72,"style":"Ultra Light","w":77.2,"data":{"shapes":[{"ty":"gr","it":[{"ind":0,"ty":"sh","ix":1,"ks":{"a":0,"k":{"i":[[0,0],[0,0],[0,0],[15.308,0],[0,15.71],[0,0],[0,0],[0,0],[-18.027,0],[0,18.329]],"o":[[0,0],[0,0],[0,15.71],[-15.308,0],[0,0],[0,0],[0,0],[0,18.329],[18.027,0],[0,0]],"v":[[67.374,-70.395],[63.144,-70.395],[63.144,-28.802],[38.873,-4.028],[14.603,-28.802],[14.603,-70.395],[10.373,-70.395],[10.373,-28.802],[38.873,0.101],[67.374,-28.802]],"c":true},"ix":2},"nm":"U","mn":"ADBE Vector Shape - Group","hd":false}],"nm":"U","np":3,"cix":2,"ix":1,"mn":"ADBE Vector Group","hd":false}]},"fFamily":"Montserrat"},{"ch":"R","size":72,"style":"Ultra Light","w":72.2,"data":{"shapes":[{"ty":"gr","it":[{"ind":0,"ty":"sh","ix":1,"ks":{"a":0,"k":{"i":[[0,0],[0,0],[0,0],[0,11.984],[17.422,0],[0,0],[0,0],[0,0],[0,0],[0,0],[-1.913,0.302]],"o":[[0,0],[0,0],[11.179,-2.82],[0,-14.703],[0,0],[0,0],[0,0],[0,0],[0,0],[2.115,0],[0,0]],"v":[[59.518,0],[64.554,0],[46.93,-24.573],[64.252,-47.232],[36.96,-70.395],[12.085,-70.395],[12.085,0],[16.315,0],[16.315,-23.465],[36.96,-23.465],[42.902,-23.868]],"c":true},"ix":2},"nm":"R","mn":"ADBE Vector Shape - Group","hd":false},{"ind":1,"ty":"sh","ix":2,"ks":{"a":0,"k":{"i":[[0,0],[0,0],[0,0],[0,-12.387],[14.703,0]],"o":[[0,0],[0,0],[14.703,0],[0,12.589],[0,0]],"v":[[16.315,-27.594],[16.315,-66.266],[37.061,-66.266],[60.123,-47.131],[37.061,-27.594]],"c":true},"ix":2},"nm":"R","mn":"ADBE Vector Shape - Group","hd":false}],"nm":"R","np":5,"cix":2,"ix":1,"mn":"ADBE Vector Group","hd":false}]},"fFamily":"Montserrat"},{"ch":"J","size":72,"style":"Ultra Light","w":46.1,"data":{"shapes":[{"ty":"gr","it":[{"ind":0,"ty":"sh","ix":1,"ks":{"a":0,"k":{"i":[[0,0],[0,0],[0,0],[0,0],[0,0],[9.064,0],[4.23,5.74],[0,0],[-7.251,0],[0,13.193]],"o":[[0,0],[0,0],[0,0],[0,0],[0,10.474],[-6.042,0],[0,0],[4.633,6.345],[11.682,0],[0,0]],"v":[[36.758,-70.395],[6.647,-70.395],[6.647,-66.266],[32.529,-66.266],[32.529,-20.444],[18.43,-4.23],[2.518,-13.092],[0.201,-9.769],[18.43,0.101],[36.758,-20.343]],"c":true},"ix":2},"nm":"J","mn":"ADBE Vector Shape - Group","hd":false}],"nm":"J","np":3,"cix":2,"ix":1,"mn":"ADBE Vector Group","hd":false}]},"fFamily":"Montserrat"},{"ch":"W","size":72,"style":"Ultra Light","w":99.8,"data":{"shapes":[{"ty":"gr","it":[{"ind":0,"ty":"sh","ix":1,"ks":{"a":0,"k":{"i":[[0,0],[0,0],[0,0],[0,0],[0,0],[0,0],[0,0],[0,0],[0,0],[0,0],[0,0],[0,0],[0,0]],"o":[[0,0],[0,0],[0,0],[0,0],[0,0],[0,0],[0,0],[0,0],[0,0],[0,0],[0,0],[0,0],[0,0]],"v":[[76.135,0],[99.902,-70.395],[95.37,-70.395],[74.121,-5.035],[52.67,-70.395],[48.239,-70.395],[26.889,-5.035],[5.539,-70.395],[0.806,-70.395],[24.573,0],[29.004,0],[50.455,-64.453],[71.805,0]],"c":true},"ix":2},"nm":"W","mn":"ADBE Vector Shape - Group","hd":false}],"nm":"W","np":3,"cix":2,"ix":1,"mn":"ADBE Vector Group","hd":false}]},"fFamily":"Montserrat"},{"ch":"P","size":72,"style":"Ultra Light","w":66.4,"data":{"shapes":[{"ty":"gr","it":[{"ind":0,"ty":"sh","ix":1,"ks":{"a":0,"k":{"i":[[0,0],[0,0],[0,0],[0,0],[0,0],[0,15.106],[17.322,0]],"o":[[0,0],[0,0],[0,0],[0,0],[17.322,0],[0,-14.703],[0,0]],"v":[[12.085,-70.395],[12.085,0],[16.315,0],[16.315,-23.465],[36.859,-23.465],[63.95,-47.232],[36.859,-70.395]],"c":true},"ix":2},"nm":"P","mn":"ADBE Vector Shape - Group","hd":false},{"ind":1,"ty":"sh","ix":2,"ks":{"a":0,"k":{"i":[[0,0],[0,0],[0,-12.387],[14.703,0],[0,0]],"o":[[0,0],[14.703,0],[0,12.589],[0,0],[0,0]],"v":[[16.315,-66.266],[36.758,-66.266],[59.921,-47.131],[36.758,-27.594],[16.315,-27.594]],"c":true},"ix":2},"nm":"P","mn":"ADBE Vector Shape - Group","hd":false}],"nm":"P","np":5,"cix":2,"ix":1,"mn":"ADBE Vector Group","hd":false}]},"fFamily":"Montserrat"},{"ch":"V","size":72,"style":"Ultra Light","w":64,"data":{"shapes":[{"ty":"gr","it":[{"ind":0,"ty":"sh","ix":1,"ks":{"a":0,"k":{"i":[[0,0],[0,0],[0,0],[0,0],[0,0],[0,0],[0,0]],"o":[[0,0],[0,0],[0,0],[0,0],[0,0],[0,0],[0,0]],"v":[[34.442,0],[63.647,-70.395],[59.015,-70.395],[32.227,-5.035],[5.539,-70.395],[0.806,-70.395],[30.011,0]],"c":true},"ix":2},"nm":"V","mn":"ADBE Vector Shape - Group","hd":false}],"nm":"V","np":3,"cix":2,"ix":1,"mn":"ADBE Vector Group","hd":false}]},"fFamily":"Montserrat"},{"ch":"B","size":72,"style":"Ultra Light","w":72.5,"data":{"shapes":[{"ty":"gr","it":[{"ind":0,"ty":"sh","ix":1,"ks":{"a":0,"k":{"i":[[0,0],[0,0],[0,0],[0,11.984],[10.776,1.309],[0,8.661],[13.797,0]],"o":[[0,0],[0,0],[16.013,0],[0,-9.869],[8.661,-1.611],[0,-10.977],[0,0]],"v":[[12.085,-70.395],[12.085,0],[41.089,0],[66.367,-18.933],[49.246,-36.758],[62.842,-52.972],[40.887,-70.395]],"c":true},"ix":2},"nm":"B","mn":"ADBE Vector Shape - Group","hd":false},{"ind":1,"ty":"sh","ix":2,"ks":{"a":0,"k":{"i":[[0,0],[0,0],[0,-8.762],[11.279,0],[0,0]],"o":[[0,0],[11.279,0],[0,8.963],[0,0],[0,0]],"v":[[16.315,-66.266],[40.787,-66.266],[58.612,-52.469],[40.787,-38.47],[16.315,-38.47]],"c":true},"ix":2},"nm":"B","mn":"ADBE Vector Shape - Group","hd":false},{"ind":2,"ty":"sh","ix":3,"ks":{"a":0,"k":{"i":[[0,0],[0,0],[0,-9.467],[13.596,0],[0,0]],"o":[[0,0],[13.596,0],[0,9.769],[0,0],[0,0]],"v":[[16.315,-34.341],[40.787,-34.341],[62.137,-19.437],[40.787,-4.129],[16.315,-4.129]],"c":true},"ix":2},"nm":"B","mn":"ADBE Vector Shape - Group","hd":false}],"nm":"B","np":6,"cix":2,"ix":1,"mn":"ADBE Vector Group","hd":false}]},"fFamily":"Montserrat"},{"ch":"L","size":140,"style":"Ultra Light","w":50.1,"data":{"shapes":[{"ty":"gr","it":[{"ind":0,"ty":"sh","ix":1,"ks":{"a":0,"k":{"i":[[0,0],[0,0],[0,0],[0,0],[0,0],[0,0]],"o":[[0,0],[0,0],[0,0],[0,0],[0,0],[0,0]],"v":[[16.315,-4.129],[16.315,-70.395],[12.085,-70.395],[12.085,0],[47.635,0],[47.635,-4.129]],"c":true},"ix":2},"nm":"L","mn":"ADBE Vector Shape - Group","hd":false}],"nm":"L","np":3,"cix":2,"ix":1,"mn":"ADBE Vector Group","hd":false}]},"fFamily":"Montserrat"},{"ch":"C","size":140,"style":"Ultra Light","w":68.4,"data":{"shapes":[{"ty":"gr","it":[{"ind":0,"ty":"sh","ix":1,"ks":{"a":0,"k":{"i":[[9.467,0],[0,-19.537],[-20.041,0],[-6.546,6.042],[0,0],[8.359,0],[0,17.322],[-17.825,0],[-5.841,-5.438],[0,0]],"o":[[-20.041,0],[0,19.537],[9.366,0],[0,0],[-5.942,5.338],[-17.825,0],[0,-17.221],[8.359,0],[0,0],[-6.546,-5.841]],"v":[[40.988,-70.496],[4.633,-35.248],[40.988,0.101],[65.863,-9.668],[63.245,-12.589],[41.089,-4.028],[8.862,-35.349],[41.089,-66.467],[63.245,-57.806],[65.762,-61.029]],"c":true},"ix":2},"nm":"C","mn":"ADBE Vector Shape - Group","hd":false}],"nm":"C","np":3,"cix":2,"ix":1,"mn":"ADBE Vector Group","hd":false}]},"fFamily":"Montserrat"},{"ch":"M","size":140,"style":"Bold","w":95.5,"data":{"shapes":[{"ty":"gr","it":[{"ind":0,"ty":"sh","ix":1,"ks":{"a":0,"k":{"i":[[0,0],[0,0],[0,0],[0,0],[0,0],[0,0],[0,0],[0,0],[0,0],[0,0],[0,0],[0,0],[0,0]],"o":[[0,0],[0,0],[0,0],[0,0],[0,0],[0,0],[0,0],[0,0],[0,0],[0,0],[0,0],[0,0],[0,0]],"v":[[87.817,0],[87.616,-70.496],[74.222,-70.496],[48.239,-26.688],[21.854,-70.496],[8.359,-70.496],[8.359,0],[23.666,0],[23.666,-41.391],[44.312,-7.452],[51.663,-7.452],[72.409,-42.297],[72.51,0]],"c":true},"ix":2},"nm":"M","mn":"ADBE Vector Shape - Group","hd":false}],"nm":"M","np":3,"cix":2,"ix":1,"mn":"ADBE Vector Group","hd":false}]},"fFamily":"Montserrat"}]}