{"v":"5.1.4","fr":25,"ip":0,"op":51,"w":1200,"h":300,"nm":"Text_animations","ddd":0,"assets":[{"id":"comp_25","layers":[{"ddd":0,"ind":1,"ty":5,"nm":"B                                      . ","sr":1,"ks":{"o":{"a":1,"k":[{"i":{"x":[0.833],"y":[0.833]},"o":{"x":[0.167],"y":[0.167]},"n":["0p833_0p833_0p167_0p167"],"t":15,"s":[0],"e":[100]},{"t":16}],"ix":11},"r":{"a":0,"k":0,"ix":10},"p":{"a":0,"k":[387.376,215.448,0],"ix":2},"a":{"a":0,"k":[-3.968,-25.052,0],"ix":1},"s":{"a":0,"k":[100,100,100],"ix":6}},"ao":0,"t":{"d":{"k":[{"s":{"s":72,"f":"Montserrat-Bold","t":"B                                      .\r","j":0,"tr":0,"lh":86.4,"ls":0,"fc":[0.14,0.61,0.78]},"t":0}]},"p":{},"m":{"g":1,"a":{"a":0,"k":[0,0],"ix":2}},"a":[]},"ip":0,"op":124,"st":-3,"bm":0},{"ddd":0,"ind":3,"ty":5,"nm":"BIOMETRICS ACCESS  .","sr":1,"ks":{"o":{"a":1,"k":[{"i":{"x":[0.833],"y":[0.833]},"o":{"x":[0.167],"y":[0.167]},"n":["0p833_0p833_0p167_0p167"],"t":14,"s":[0],"e":[100]},{"t":15}],"ix":11},"r":{"a":0,"k":0,"ix":10},"p":{"a":0,"k":[387.376,215.375,0],"ix":2},"a":{"a":0,"k":[-3.968,-25.125,0],"ix":1},"s":{"a":0,"k":[100,100,100],"ix":6}},"ao":0,"t":{"d":{"k":[{"s":{"s":72,"f":"Montserrat-UltraLight","t":"BIOMETRICS ACCESS  .","j":0,"tr":0,"lh":86.4,"ls":0,"fc":[0.14,0.61,0.78]},"t":0}]},"p":{},"m":{"g":1,"a":{"a":0,"k":[0,0],"ix":2}},"a":[]},"ip":0,"op":112,"st":-6,"bm":0},{"ddd":0,"ind":4,"ty":5,"nm":"BIOMETRICS ACCEAS  .","sr":1,"ks":{"o":{"a":1,"k":[{"i":{"x":[0.833],"y":[0.833]},"o":{"x":[0.167],"y":[0.167]},"n":["0p833_0p833_0p167_0p167"],"t":13,"s":[0],"e":[100]},{"i":{"x":[0.833],"y":[0.833]},"o":{"x":[0.167],"y":[0.167]},"n":["0p833_0p833_0p167_0p167"],"t":14,"s":[100],"e":[0]},{"t":15}],"ix":11},"r":{"a":0,"k":0,"ix":10},"p":{"a":0,"k":[387.376,215.375,0],"ix":2},"a":{"a":0,"k":[-3.968,-25.125,0],"ix":1},"s":{"a":0,"k":[100,100,100],"ix":6}},"ao":0,"t":{"d":{"k":[{"s":{"s":72,"f":"Montserrat-UltraLight","t":"BIOMETRICS ACCEAS  .","j":0,"tr":0,"lh":86.4,"ls":0,"fc":[0.14,0.61,0.78]},"t":0}]},"p":{},"m":{"g":1,"a":{"a":0,"k":[0,0],"ix":2}},"a":[]},"ip":0,"op":112,"st":-9,"bm":0},{"ddd":0,"ind":5,"ty":5,"nm":"BIOMETRICS ASCTAS  .","sr":1,"ks":{"o":{"a":1,"k":[{"i":{"x":[0.833],"y":[0.833]},"o":{"x":[0.167],"y":[0.167]},"n":["0p833_0p833_0p167_0p167"],"t":12,"s":[0],"e":[100]},{"i":{"x":[0.833],"y":[0.833]},"o":{"x":[0.167],"y":[0.167]},"n":["0p833_0p833_0p167_0p167"],"t":13,"s":[100],"e":[0]},{"t":14}],"ix":11},"r":{"a":0,"k":0,"ix":10},"p":{"a":0,"k":[387.376,215.375,0],"ix":2},"a":{"a":0,"k":[-3.968,-25.125,0],"ix":1},"s":{"a":0,"k":[100,100,100],"ix":6}},"ao":0,"t":{"d":{"k":[{"s":{"s":72,"f":"Montserrat-UltraLight","t":"BIOMETRICS ASCTAS  .","j":0,"tr":0,"lh":86.4,"ls":0,"fc":[0.14,0.61,0.78]},"t":0}]},"p":{},"m":{"g":1,"a":{"a":0,"k":[0,0],"ix":2}},"a":[]},"ip":0,"op":112,"st":-18,"bm":0},{"ddd":0,"ind":6,"ty":5,"nm":"BIOMETRSIS ACRETA  . ","sr":1,"ks":{"o":{"a":1,"k":[{"i":{"x":[0.833],"y":[0.833]},"o":{"x":[0.167],"y":[0.167]},"n":["0p833_0p833_0p167_0p167"],"t":11,"s":[0],"e":[100]},{"i":{"x":[0.833],"y":[0.833]},"o":{"x":[0.167],"y":[0.167]},"n":["0p833_0p833_0p167_0p167"],"t":12,"s":[100],"e":[0]},{"t":13}],"ix":11},"r":{"a":0,"k":0,"ix":10},"p":{"a":0,"k":[387.376,215.375,0],"ix":2},"a":{"a":0,"k":[-3.968,-25.125,0],"ix":1},"s":{"a":0,"k":[100,100,100],"ix":6}},"ao":0,"t":{"d":{"k":[{"s":{"s":72,"f":"Montserrat-UltraLight","t":"BIOMETRSIS ACRETA  .\r","j":0,"tr":0,"lh":86.4,"ls":0,"fc":[0.14,0.61,0.78]},"t":0}]},"p":{},"m":{"g":1,"a":{"a":0,"k":[0,0],"ix":2}},"a":[]},"ip":0,"op":112,"st":-28,"bm":0},{"ddd":0,"ind":7,"ty":5,"nm":"BIOMETTSIR CEASE    .","sr":1,"ks":{"o":{"a":1,"k":[{"i":{"x":[0.833],"y":[0.833]},"o":{"x":[0.167],"y":[0.167]},"n":["0p833_0p833_0p167_0p167"],"t":10,"s":[0],"e":[100]},{"i":{"x":[0.833],"y":[0.833]},"o":{"x":[0.167],"y":[0.167]},"n":["0p833_0p833_0p167_0p167"],"t":11,"s":[100],"e":[0]},{"t":12}],"ix":11},"r":{"a":0,"k":0,"ix":10},"p":{"a":0,"k":[387.376,215.375,0],"ix":2},"a":{"a":0,"k":[-3.968,-25.125,0],"ix":1},"s":{"a":0,"k":[100,100,100],"ix":6}},"ao":0,"t":{"d":{"k":[{"s":{"s":72,"f":"Montserrat-UltraLight","t":"BIOMETTSIR CEASE    .","j":0,"tr":0,"lh":86.4,"ls":0,"fc":[0.14,0.61,0.78]},"t":0}]},"p":{},"m":{"g":1,"a":{"a":0,"k":[0,0],"ix":2}},"a":[]},"ip":0,"op":112,"st":-16,"bm":0},{"ddd":0,"ind":8,"ty":5,"nm":"BIOMERTSIR CEA        .","sr":1,"ks":{"o":{"a":1,"k":[{"i":{"x":[0.833],"y":[0.833]},"o":{"x":[0.167],"y":[0.167]},"n":["0p833_0p833_0p167_0p167"],"t":9,"s":[0],"e":[100]},{"i":{"x":[0.833],"y":[0.833]},"o":{"x":[0.167],"y":[0.167]},"n":["0p833_0p833_0p167_0p167"],"t":10,"s":[100],"e":[0]},{"t":11}],"ix":11},"r":{"a":0,"k":0,"ix":10},"p":{"a":0,"k":[387.376,215.375,0],"ix":2},"a":{"a":0,"k":[-3.968,-25.125,0],"ix":1},"s":{"a":0,"k":[100,100,100],"ix":6}},"ao":0,"t":{"d":{"k":[{"s":{"s":72,"f":"Montserrat-UltraLight","t":"BIOMERTSIR CEA        .","j":0,"tr":0,"lh":86.4,"ls":0,"fc":[0.14,0.61,0.78]},"t":0}]},"p":{},"m":{"g":1,"a":{"a":0,"k":[0,0],"ix":2}},"a":[]},"ip":0,"op":112,"st":-8,"bm":0},{"ddd":0,"ind":9,"ty":5,"nm":"BIOMSETSIR CE          .","sr":1,"ks":{"o":{"a":1,"k":[{"i":{"x":[0.833],"y":[0.833]},"o":{"x":[0.167],"y":[0.167]},"n":["0p833_0p833_0p167_0p167"],"t":8,"s":[0],"e":[100]},{"i":{"x":[0.833],"y":[0.833]},"o":{"x":[0.167],"y":[0.167]},"n":["0p833_0p833_0p167_0p167"],"t":9,"s":[100],"e":[0]},{"t":10}],"ix":11},"r":{"a":0,"k":0,"ix":10},"p":{"a":0,"k":[387.376,215.375,0],"ix":2},"a":{"a":0,"k":[-3.968,-25.125,0],"ix":1},"s":{"a":0,"k":[100,100,100],"ix":6}},"ao":0,"t":{"d":{"k":[{"s":{"s":72,"f":"Montserrat-UltraLight","t":"BIOMSETSIR CE          .","j":0,"tr":0,"lh":86.4,"ls":0,"fc":[0.14,0.61,0.78]},"t":0}]},"p":{},"m":{"g":1,"a":{"a":0,"k":[0,0],"ix":2}},"a":[]},"ip":0,"op":112,"st":-8,"bm":0},{"ddd":0,"ind":10,"ty":5,"nm":"BIOMSECTIR C            .","sr":1,"ks":{"o":{"a":1,"k":[{"i":{"x":[0.833],"y":[0.833]},"o":{"x":[0.167],"y":[0.167]},"n":["0p833_0p833_0p167_0p167"],"t":7,"s":[0],"e":[100]},{"i":{"x":[0.833],"y":[0.833]},"o":{"x":[0.167],"y":[0.167]},"n":["0p833_0p833_0p167_0p167"],"t":8,"s":[100],"e":[0]},{"t":9}],"ix":11},"r":{"a":0,"k":0,"ix":10},"p":{"a":0,"k":[387.376,215.375,0],"ix":2},"a":{"a":0,"k":[-3.968,-25.125,0],"ix":1},"s":{"a":0,"k":[100,100,100],"ix":6}},"ao":0,"t":{"d":{"k":[{"s":{"s":72,"f":"Montserrat-UltraLight","t":"BIOMSECTIR C            .","j":0,"tr":0,"lh":86.4,"ls":0,"fc":[0.14,0.61,0.78]},"t":0}]},"p":{},"m":{"g":1,"a":{"a":0,"k":[0,0],"ix":2}},"a":[]},"ip":0,"op":112,"st":-11,"bm":0},{"ddd":0,"ind":11,"ty":5,"nm":"BIOMEECSR                .","sr":1,"ks":{"o":{"a":1,"k":[{"i":{"x":[0.833],"y":[0.833]},"o":{"x":[0.167],"y":[0.167]},"n":["0p833_0p833_0p167_0p167"],"t":6,"s":[0],"e":[100]},{"i":{"x":[0.833],"y":[0.833]},"o":{"x":[0.167],"y":[0.167]},"n":["0p833_0p833_0p167_0p167"],"t":7,"s":[100],"e":[0]},{"t":8}],"ix":11},"r":{"a":0,"k":0,"ix":10},"p":{"a":0,"k":[387.376,215.375,0],"ix":2},"a":{"a":0,"k":[-3.968,-25.125,0],"ix":1},"s":{"a":0,"k":[100,100,100],"ix":6}},"ao":0,"t":{"d":{"k":[{"s":{"s":72,"f":"Montserrat-UltraLight","t":"BIOMEECSR                .","j":0,"tr":0,"lh":86.4,"ls":0,"fc":[0.14,0.61,0.78]},"t":0}]},"p":{},"m":{"g":1,"a":{"a":0,"k":[0,0],"ix":2}},"a":[]},"ip":0,"op":112,"st":-7,"bm":0},{"ddd":0,"ind":12,"ty":5,"nm":"BIOOTACS                    .","sr":1,"ks":{"o":{"a":1,"k":[{"i":{"x":[0.833],"y":[0.833]},"o":{"x":[0.167],"y":[0.167]},"n":["0p833_0p833_0p167_0p167"],"t":5,"s":[0],"e":[100]},{"i":{"x":[0.833],"y":[0.833]},"o":{"x":[0.167],"y":[0.167]},"n":["0p833_0p833_0p167_0p167"],"t":6,"s":[100],"e":[0]},{"t":7}],"ix":11},"r":{"a":0,"k":0,"ix":10},"p":{"a":0,"k":[387.376,215.375,0],"ix":2},"a":{"a":0,"k":[-3.968,-25.125,0],"ix":1},"s":{"a":0,"k":[100,100,100],"ix":6}},"ao":0,"t":{"d":{"k":[{"s":{"s":72,"f":"Montserrat-UltraLight","t":"BIOOTACS                    .","j":0,"tr":0,"lh":86.4,"ls":0,"fc":[0.14,0.61,0.78]},"t":0}]},"p":{},"m":{"g":1,"a":{"a":0,"k":[0,0],"ix":2}},"a":[]},"ip":0,"op":112,"st":-8,"bm":0},{"ddd":0,"ind":13,"ty":5,"nm":"BIMORSC                     . ","sr":1,"ks":{"o":{"a":1,"k":[{"i":{"x":[0.833],"y":[0.833]},"o":{"x":[0.167],"y":[0.167]},"n":["0p833_0p833_0p167_0p167"],"t":4,"s":[0],"e":[100]},{"i":{"x":[0.833],"y":[0.833]},"o":{"x":[0.167],"y":[0.167]},"n":["0p833_0p833_0p167_0p167"],"t":5,"s":[100],"e":[0]},{"t":6}],"ix":11},"r":{"a":0,"k":0,"ix":10},"p":{"a":0,"k":[387.376,215.375,0],"ix":2},"a":{"a":0,"k":[-3.968,-25.125,0],"ix":1},"s":{"a":0,"k":[100,100,100],"ix":6}},"ao":0,"t":{"d":{"k":[{"s":{"s":72,"f":"Montserrat-UltraLight","t":"BIMORSC                     .\r","j":0,"tr":0,"lh":86.4,"ls":0,"fc":[0.14,0.61,0.78]},"t":0}]},"p":{},"m":{"g":1,"a":{"a":0,"k":[0,0],"ix":2}},"a":[]},"ip":0,"op":112,"st":-12,"bm":0},{"ddd":0,"ind":14,"ty":5,"nm":"BMOSE                        . ","sr":1,"ks":{"o":{"a":1,"k":[{"i":{"x":[0.833],"y":[0.833]},"o":{"x":[0.167],"y":[0.167]},"n":["0p833_0p833_0p167_0p167"],"t":3,"s":[0],"e":[100]},{"i":{"x":[0.833],"y":[0.833]},"o":{"x":[0.167],"y":[0.167]},"n":["0p833_0p833_0p167_0p167"],"t":4,"s":[100],"e":[0]},{"t":5}],"ix":11},"r":{"a":0,"k":0,"ix":10},"p":{"a":0,"k":[387.376,215.375,0],"ix":2},"a":{"a":0,"k":[-3.968,-25.125,0],"ix":1},"s":{"a":0,"k":[100,100,100],"ix":6}},"ao":0,"t":{"d":{"k":[{"s":{"s":72,"f":"Montserrat-UltraLight","t":"BMOSE                        .\r","j":0,"tr":0,"lh":86.4,"ls":0,"fc":[0.14,0.61,0.78]},"t":0}]},"p":{},"m":{"g":1,"a":{"a":0,"k":[0,0],"ix":2}},"a":[]},"ip":0,"op":112,"st":-4,"bm":0},{"ddd":0,"ind":15,"ty":5,"nm":"BMOS                           . ","sr":1,"ks":{"o":{"a":1,"k":[{"i":{"x":[0.833],"y":[0.833]},"o":{"x":[0.167],"y":[0.167]},"n":["0p833_0p833_0p167_0p167"],"t":2,"s":[0],"e":[100]},{"i":{"x":[0.833],"y":[0.833]},"o":{"x":[0.167],"y":[0.167]},"n":["0p833_0p833_0p167_0p167"],"t":3,"s":[100],"e":[0]},{"t":4}],"ix":11},"r":{"a":0,"k":0,"ix":10},"p":{"a":0,"k":[387.376,215.375,0],"ix":2},"a":{"a":0,"k":[-3.968,-25.125,0],"ix":1},"s":{"a":0,"k":[100,100,100],"ix":6}},"ao":0,"t":{"d":{"k":[{"s":{"s":72,"f":"Montserrat-UltraLight","t":"BMOS                           .\r","j":0,"tr":0,"lh":86.4,"ls":0,"fc":[0.14,0.61,0.78]},"t":0}]},"p":{},"m":{"g":1,"a":{"a":0,"k":[0,0],"ix":2}},"a":[]},"ip":0,"op":112,"st":-6,"bm":0},{"ddd":0,"ind":16,"ty":5,"nm":"SO                                 .","sr":1,"ks":{"o":{"a":1,"k":[{"i":{"x":[0.833],"y":[0.833]},"o":{"x":[0.167],"y":[0.167]},"n":["0p833_0p833_0p167_0p167"],"t":1,"s":[0],"e":[100]},{"i":{"x":[0.833],"y":[0.833]},"o":{"x":[0.167],"y":[0.167]},"n":["0p833_0p833_0p167_0p167"],"t":2,"s":[100],"e":[0]},{"t":3}],"ix":11},"r":{"a":0,"k":0,"ix":10},"p":{"a":0,"k":[387.376,215.375,0],"ix":2},"a":{"a":0,"k":[-3.968,-25.125,0],"ix":1},"s":{"a":0,"k":[100,100,100],"ix":6}},"ao":0,"t":{"d":{"k":[{"s":{"s":72,"f":"Montserrat-UltraLight","t":"SO                                 .","j":0,"tr":0,"lh":86.4,"ls":0,"fc":[0.14,0.61,0.78]},"t":0}]},"p":{},"m":{"g":1,"a":{"a":0,"k":[0,0],"ix":2}},"a":[]},"ip":0,"op":112,"st":-4,"bm":0},{"ddd":0,"ind":17,"ty":5,"nm":"R                                   . ","sr":1,"ks":{"o":{"a":1,"k":[{"i":{"x":[0.833],"y":[0.833]},"o":{"x":[0.167],"y":[0.167]},"n":["0p833_0p833_0p167_0p167"],"t":0,"s":[0],"e":[100]},{"i":{"x":[0.833],"y":[0.833]},"o":{"x":[0.167],"y":[0.167]},"n":["0p833_0p833_0p167_0p167"],"t":1,"s":[100],"e":[0]},{"t":2}],"ix":11},"r":{"a":0,"k":0,"ix":10},"p":{"a":0,"k":[387.376,215.448,0],"ix":2},"a":{"a":0,"k":[-3.968,-25.052,0],"ix":1},"s":{"a":0,"k":[100,100,100],"ix":6}},"ao":0,"t":{"d":{"k":[{"s":{"s":72,"f":"Montserrat-UltraLight","t":"R                                   .\r","j":0,"tr":0,"lh":86.4,"ls":0,"fc":[0.14,0.61,0.78]},"t":0}]},"p":{},"m":{"g":1,"a":{"a":0,"k":[0,0],"ix":2}},"a":[]},"ip":0,"op":112,"st":-3,"bm":0}]},{"id":"comp_26","layers":[{"ddd":0,"ind":1,"ty":5,"nm":"V          .","sr":1,"ks":{"o":{"a":1,"k":[{"t":7,"s":[0],"h":1},{"t":8,"s":[100],"h":1}],"ix":11},"r":{"a":0,"k":0,"ix":10},"p":{"a":0,"k":[749.5,154.5,0],"ix":2},"a":{"a":0,"k":[0,0,0],"ix":1},"s":{"a":0,"k":[100,100,100],"ix":6}},"ao":0,"t":{"d":{"k":[{"s":{"s":140,"f":"Montserrat-Bold","t":"V          .","j":0,"tr":0,"lh":168,"ls":0,"fc":[0.14,0.61,0.78]},"t":0}]},"p":{},"m":{"g":1,"a":{"a":0,"k":[0,0],"ix":2}},"a":[]},"ip":6,"op":116,"st":8,"bm":0},{"ddd":0,"ind":2,"ty":5,"nm":"R         .","sr":1,"ks":{"o":{"a":1,"k":[{"t":1,"s":[0],"h":1},{"t":2,"s":[100],"h":1}],"ix":11},"r":{"a":0,"k":0,"ix":10},"p":{"a":0,"k":[757.5,154.5,0],"ix":2},"a":{"a":0,"k":[0,0,0],"ix":1},"s":{"a":0,"k":[100,100,100],"ix":6}},"ao":0,"t":{"d":{"k":[{"s":{"s":140,"f":"Montserrat-UltraLight","t":"R         .","j":0,"tr":0,"lh":168,"ls":0,"fc":[0.14,0.61,0.78]},"t":0}]},"p":{},"m":{"g":1,"a":{"a":0,"k":[0,0],"ix":2}},"a":[]},"ip":0,"op":3,"st":2,"bm":0},{"ddd":0,"ind":3,"ty":5,"nm":"RV       .","sr":1,"ks":{"o":{"a":1,"k":[{"t":2,"s":[0],"h":1},{"t":3,"s":[100],"h":1}],"ix":11},"r":{"a":0,"k":0,"ix":10},"p":{"a":0,"k":[757.5,154.5,0],"ix":2},"a":{"a":0,"k":[0,0,0],"ix":1},"s":{"a":0,"k":[100,100,100],"ix":6}},"ao":0,"t":{"d":{"k":[{"s":{"s":140,"f":"Montserrat-UltraLight","t":"RV       .","j":0,"tr":0,"lh":168,"ls":0,"fc":[0.14,0.61,0.78]},"t":0}]},"p":{},"m":{"g":1,"a":{"a":0,"k":[0,0],"ix":2}},"a":[]},"ip":0,"op":4,"st":3,"bm":0},{"ddd":0,"ind":4,"ty":5,"nm":"SIC       .","sr":1,"ks":{"o":{"a":1,"k":[{"t":3,"s":[0],"h":1},{"t":4,"s":[100],"h":1}],"ix":11},"r":{"a":0,"k":0,"ix":10},"p":{"a":0,"k":[757.5,154.5,0],"ix":2},"a":{"a":0,"k":[0,0,0],"ix":1},"s":{"a":0,"k":[100,100,100],"ix":6}},"ao":0,"t":{"d":{"k":[{"s":{"s":140,"f":"Montserrat-UltraLight","t":"SIC       .","j":0,"tr":0,"lh":168,"ls":0,"fc":[0.14,0.61,0.78]},"t":0}]},"p":{},"m":{"g":1,"a":{"a":0,"k":[0,0],"ix":2}},"a":[]},"ip":0,"op":5,"st":4,"bm":0},{"ddd":0,"ind":5,"ty":5,"nm":"VSIE     .","sr":1,"ks":{"o":{"a":1,"k":[{"t":4,"s":[0],"h":1},{"t":5,"s":[100],"h":1}],"ix":11},"r":{"a":0,"k":0,"ix":10},"p":{"a":0,"k":[757.5,154.5,0],"ix":2},"a":{"a":0,"k":[0,0,0],"ix":1},"s":{"a":0,"k":[100,100,100],"ix":6}},"ao":0,"t":{"d":{"k":[{"s":{"s":140,"f":"Montserrat-UltraLight","t":"VSIE     .","j":0,"tr":0,"lh":168,"ls":0,"fc":[0.14,0.61,0.78]},"t":0}]},"p":{},"m":{"g":1,"a":{"a":0,"k":[0,0],"ix":2}},"a":[]},"ip":0,"op":6,"st":5,"bm":0},{"ddd":0,"ind":6,"ty":5,"nm":"VOCIV  . ","sr":1,"ks":{"o":{"a":1,"k":[{"t":5,"s":[0],"h":1},{"t":6,"s":[100],"h":1}],"ix":11},"r":{"a":0,"k":0,"ix":10},"p":{"a":0,"k":[757.5,154.5,0],"ix":2},"a":{"a":0,"k":[0,0,0],"ix":1},"s":{"a":0,"k":[100,100,100],"ix":6}},"ao":0,"t":{"d":{"k":[{"s":{"s":140,"f":"Montserrat-UltraLight","t":"VOCIV  .\r","j":0,"tr":0,"lh":168,"ls":0,"fc":[0.14,0.61,0.78]},"t":0}]},"p":{},"m":{"g":1,"a":{"a":0,"k":[0,0],"ix":2}},"a":[]},"ip":0,"op":7,"st":6,"bm":0},{"ddd":0,"ind":7,"ty":5,"nm":"VOIES  . ","sr":1,"ks":{"o":{"a":1,"k":[{"t":6,"s":[0],"h":1},{"t":7,"s":[100],"h":1}],"ix":11},"r":{"a":0,"k":0,"ix":10},"p":{"a":0,"k":[757.5,154.5,0],"ix":2},"a":{"a":0,"k":[0,0,0],"ix":1},"s":{"a":0,"k":[100,100,100],"ix":6}},"ao":0,"t":{"d":{"k":[{"s":{"s":140,"f":"Montserrat-UltraLight","t":"VOIES  .\r","j":0,"tr":0,"lh":168,"ls":0,"fc":[0.14,0.61,0.78]},"t":0}]},"p":{},"m":{"g":1,"a":{"a":0,"k":[0,0],"ix":2}},"a":[]},"ip":0,"op":8,"st":7,"bm":0},{"ddd":0,"ind":8,"ty":5,"nm":"VOICE  . ","sr":1,"ks":{"o":{"a":1,"k":[{"t":7,"s":[0],"h":1},{"t":8,"s":[100],"h":1}],"ix":11},"r":{"a":0,"k":0,"ix":10},"p":{"a":0,"k":[757.5,154.5,0],"ix":2},"a":{"a":0,"k":[0,0,0],"ix":1},"s":{"a":0,"k":[100,100,100],"ix":6}},"ao":0,"t":{"d":{"k":[{"s":{"s":140,"f":"Montserrat-UltraLight","t":"VOICE  .\r","j":0,"tr":0,"lh":168,"ls":0,"fc":[0.14,0.61,0.78]},"t":0}]},"p":{},"m":{"g":1,"a":{"a":0,"k":[0,0],"ix":2}},"a":[]},"ip":0,"op":268,"st":8,"bm":0}]}],"fonts":{"list":[{"fName":"Montserrat-UltraLight","fFamily":"Montserrat","fStyle":"Ultra Light","ascent":74.1989135742188},{"fName":"Montserrat-Bold","fFamily":"Montserrat","fStyle":"Bold","ascent":74.1989135742188}]},"layers":[{"ddd":0,"ind":1,"ty":0,"nm":"biometrics access","refId":"comp_25","sr":1,"ks":{"o":{"a":0,"k":100,"ix":11},"r":{"a":0,"k":0,"ix":10},"p":{"a":0,"k":[1245,150,0],"ix":2},"a":{"a":0,"k":[1200,150,0],"ix":1},"s":{"a":0,"k":[100,100,100],"ix":6}},"ao":0,"w":1200,"h":300,"ip":3,"op":115,"st":3,"bm":0},{"ddd":0,"ind":2,"ty":4,"nm":"Shape Layer 1","sr":1,"ks":{"o":{"a":0,"k":100,"ix":11},"r":{"a":0,"k":0,"ix":10},"p":{"a":0,"k":[600,150,0],"ix":2},"a":{"a":0,"k":[0,0,0],"ix":1},"s":{"a":0,"k":[100,100,100],"ix":6}},"ao":0,"shapes":[{"ty":"gr","it":[{"ind":0,"ty":"sh","ix":1,"ks":{"a":0,"k":{"i":[[0,0],[0,0]],"o":[[0,0],[0,0]],"v":[[141.5,7],[577.75,6]],"c":false},"ix":2},"nm":"Path 1","mn":"ADBE Vector Shape - Group","hd":false},{"ty":"tm","s":{"a":1,"k":[{"i":{"x":[0.833],"y":[0.833]},"o":{"x":[0.167],"y":[0.167]},"n":["0p833_0p833_0p167_0p167"],"t":0,"s":[0],"e":[56.755]},{"i":{"x":[0.833],"y":[0.833]},"o":{"x":[0.167],"y":[0.167]},"n":["0p833_0p833_0p167_0p167"],"t":3,"s":[56.755],"e":[100]},{"t":6}],"ix":1},"e":{"a":1,"k":[{"i":{"x":[0.833],"y":[0.833]},"o":{"x":[0.167],"y":[0.167]},"n":["0p833_0p833_0p167_0p167"],"t":0,"s":[0],"e":[100]},{"t":2}],"ix":2},"o":{"a":0,"k":0,"ix":3},"m":1,"ix":2,"nm":"Trim Paths 1","mn":"ADBE Vector Filter - Trim","hd":false},{"ty":"st","c":{"a":0,"k":[0.141176470588,0.61568627451,0.780392156863,1],"ix":3},"o":{"a":0,"k":100,"ix":4},"w":{"a":0,"k":3,"ix":5},"lc":1,"lj":1,"ml":4,"nm":"Stroke 1","mn":"ADBE Vector Graphic - Stroke","hd":false},{"ty":"tr","p":{"a":0,"k":[0,0],"ix":2},"a":{"a":0,"k":[0,0],"ix":1},"s":{"a":0,"k":[100,100],"ix":3},"r":{"a":0,"k":0,"ix":6},"o":{"a":0,"k":100,"ix":7},"sk":{"a":0,"k":0,"ix":4},"sa":{"a":0,"k":0,"ix":5},"nm":"Transform"}],"nm":"Shape 2","np":4,"cix":2,"ix":1,"mn":"ADBE Vector Group","hd":false},{"ty":"gr","it":[{"ind":0,"ty":"sh","ix":1,"ks":{"a":0,"k":{"i":[[0,0],[0,0]],"o":[[0,0],[0,0]],"v":[[-158.25,90.5],[578,90]],"c":false},"ix":2},"nm":"Path 1","mn":"ADBE Vector Shape - Group","hd":false},{"ty":"tm","s":{"a":1,"k":[{"i":{"x":[0.833],"y":[0.833]},"o":{"x":[0.167],"y":[0.167]},"n":["0p833_0p833_0p167_0p167"],"t":3,"s":[0],"e":[56.755]},{"i":{"x":[0.833],"y":[0.833]},"o":{"x":[0.167],"y":[0.167]},"n":["0p833_0p833_0p167_0p167"],"t":8,"s":[56.755],"e":[100]},{"t":14}],"ix":1},"e":{"a":1,"k":[{"i":{"x":[0.833],"y":[0.833]},"o":{"x":[0.167],"y":[0.167]},"n":["0p833_0p833_0p167_0p167"],"t":3,"s":[0],"e":[100]},{"t":6}],"ix":2},"o":{"a":0,"k":0,"ix":3},"m":1,"ix":2,"nm":"Trim Paths 1","mn":"ADBE Vector Filter - Trim","hd":false},{"ty":"st","c":{"a":0,"k":[0.141176470588,0.61568627451,0.780392156863,1],"ix":3},"o":{"a":0,"k":100,"ix":4},"w":{"a":0,"k":3,"ix":5},"lc":1,"lj":1,"ml":4,"nm":"Stroke 1","mn":"ADBE Vector Graphic - Stroke","hd":false},{"ty":"tr","p":{"a":0,"k":[0,0],"ix":2},"a":{"a":0,"k":[0,0],"ix":1},"s":{"a":0,"k":[100,100],"ix":3},"r":{"a":0,"k":0,"ix":6},"o":{"a":0,"k":100,"ix":7},"sk":{"a":0,"k":0,"ix":4},"sa":{"a":0,"k":0,"ix":5},"nm":"Transform"}],"nm":"Shape 1","np":4,"cix":2,"ix":2,"mn":"ADBE Vector Group","hd":false}],"ip":0,"op":15,"st":1,"bm":0},{"ddd":0,"ind":3,"ty":0,"nm":"Voice","refId":"comp_26","sr":1,"ks":{"o":{"a":0,"k":100,"ix":11},"r":{"a":0,"k":0,"ix":10},"p":{"a":0,"k":[600,150,0],"ix":2},"a":{"a":0,"k":[600,150,0],"ix":1},"s":{"a":0,"k":[100,100,100],"ix":6}},"ao":0,"w":1200,"h":300,"ip":0,"op":250,"st":0,"bm":0}],"markers":[{"tm":10,"cm":"2","dr":0}],"chars":[{"ch":"V","size":140,"style":"Ultra Light","w":64,"data":{"shapes":[{"ty":"gr","it":[{"ind":0,"ty":"sh","ix":1,"ks":{"a":0,"k":{"i":[[0,0],[0,0],[0,0],[0,0],[0,0],[0,0],[0,0]],"o":[[0,0],[0,0],[0,0],[0,0],[0,0],[0,0],[0,0]],"v":[[34.442,0],[63.647,-70.395],[59.015,-70.395],[32.227,-5.035],[5.539,-70.395],[0.806,-70.395],[30.011,0]],"c":true},"ix":2},"nm":"V","mn":"ADBE Vector Shape - Group","hd":false}],"nm":"V","np":3,"cix":2,"ix":1,"mn":"ADBE Vector Group","hd":false}]},"fFamily":"Montserrat"},{"ch":"O","size":140,"style":"Ultra Light","w":81,"data":{"shapes":[{"ty":"gr","it":[{"ind":0,"ty":"sh","ix":1,"ks":{"a":0,"k":{"i":[[20.142,0],[0,-19.537],[-20.142,0],[0,19.537]],"o":[[-20.142,0],[0,19.537],[20.142,0],[0,-19.537]],"v":[[41.089,-70.496],[4.633,-35.248],[41.089,0.101],[77.545,-35.248]],"c":true},"ix":2},"nm":"O","mn":"ADBE Vector Shape - Group","hd":false},{"ind":1,"ty":"sh","ix":2,"ks":{"a":0,"k":{"i":[[-17.624,0],[0,-17.221],[17.624,0],[0,17.221]],"o":[[17.624,0],[0,17.221],[-17.624,0],[0,-17.221]],"v":[[41.089,-66.367],[73.215,-35.248],[41.089,-4.028],[8.963,-35.248]],"c":true},"ix":2},"nm":"O","mn":"ADBE Vector Shape - Group","hd":false}],"nm":"O","np":5,"cix":2,"ix":1,"mn":"ADBE Vector Group","hd":false}]},"fFamily":"Montserrat"},{"ch":"I","size":140,"style":"Ultra Light","w":28.2,"data":{"shapes":[{"ty":"gr","it":[{"ind":0,"ty":"sh","ix":1,"ks":{"a":0,"k":{"i":[[0,0],[0,0],[0,0],[0,0]],"o":[[0,0],[0,0],[0,0],[0,0]],"v":[[16.315,0],[16.315,-70.395],[12.085,-70.395],[12.085,0]],"c":true},"ix":2},"nm":"I","mn":"ADBE Vector Shape - Group","hd":false}],"nm":"I","np":3,"cix":2,"ix":1,"mn":"ADBE Vector Group","hd":false}]},"fFamily":"Montserrat"},{"ch":"C","size":140,"style":"Ultra Light","w":68.4,"data":{"shapes":[{"ty":"gr","it":[{"ind":0,"ty":"sh","ix":1,"ks":{"a":0,"k":{"i":[[9.467,0],[0,-19.537],[-20.041,0],[-6.546,6.042],[0,0],[8.359,0],[0,17.322],[-17.825,0],[-5.841,-5.438],[0,0]],"o":[[-20.041,0],[0,19.537],[9.366,0],[0,0],[-5.942,5.338],[-17.825,0],[0,-17.221],[8.359,0],[0,0],[-6.546,-5.841]],"v":[[40.988,-70.496],[4.633,-35.248],[40.988,0.101],[65.863,-9.668],[63.245,-12.589],[41.089,-4.028],[8.862,-35.349],[41.089,-66.467],[63.245,-57.806],[65.762,-61.029]],"c":true},"ix":2},"nm":"C","mn":"ADBE Vector Shape - Group","hd":false}],"nm":"C","np":3,"cix":2,"ix":1,"mn":"ADBE Vector Group","hd":false}]},"fFamily":"Montserrat"},{"ch":"E","size":140,"style":"Ultra Light","w":64.7,"data":{"shapes":[{"ty":"gr","it":[{"ind":0,"ty":"sh","ix":1,"ks":{"a":0,"k":{"i":[[0,0],[0,0],[0,0],[0,0],[0,0],[0,0],[0,0],[0,0],[0,0],[0,0],[0,0],[0,0]],"o":[[0,0],[0,0],[0,0],[0,0],[0,0],[0,0],[0,0],[0,0],[0,0],[0,0],[0,0],[0,0]],"v":[[57.504,-66.266],[57.504,-70.395],[12.085,-70.395],[12.085,0],[58.813,0],[58.813,-4.129],[16.315,-4.129],[16.315,-33.939],[52.972,-33.939],[52.972,-38.168],[16.315,-38.168],[16.315,-66.266]],"c":true},"ix":2},"nm":"E","mn":"ADBE Vector Shape - Group","hd":false}],"nm":"E","np":3,"cix":2,"ix":1,"mn":"ADBE Vector Group","hd":false}]},"fFamily":"Montserrat"},{"ch":" ","size":140,"style":"Ultra Light","w":29.1,"data":{},"fFamily":"Montserrat"},{"ch":".","size":140,"style":"Ultra Light","w":18.1,"data":{"shapes":[{"ty":"gr","it":[{"ind":0,"ty":"sh","ix":1,"ks":{"a":0,"k":{"i":[[1.913,0],[0,-2.014],[-1.913,0],[0,2.115]],"o":[[-1.913,0],[0,2.115],[1.913,0],[0,-2.014]],"v":[[9.064,-6.445],[5.64,-2.921],[9.064,0.806],[12.589,-2.921]],"c":true},"ix":2},"nm":".","mn":"ADBE Vector Shape - Group","hd":false}],"nm":".","np":3,"cix":2,"ix":1,"mn":"ADBE Vector Group","hd":false}]},"fFamily":"Montserrat"},{"ch":"\r","size":140,"style":"Ultra Light","w":0,"fFamily":"Montserrat"},{"ch":"S","size":140,"style":"Ultra Light","w":59.9,"data":{"shapes":[{"ty":"gr","it":[{"ind":0,"ty":"sh","ix":1,"ks":{"a":0,"k":{"i":[[7.15,0],[0,-10.172],[0.201,-22.055],[12.085,0],[5.74,5.942],[0,0],[-9.366,0],[0,10.876],[0,21.451],[-11.179,0],[-5.237,-3.424],[0,0]],"o":[[-13.898,0],[0,25.378],[0,8.258],[-8.258,0],[0,0],[6.143,6.042],[14.703,0],[0.201,-25.983],[0,-7.352],[6.042,0],[0,0],[-5.237,-3.424]],"v":[[30.817,-70.596],[7.654,-53.879],[48.843,-17.725],[29.004,-4.23],[6.042,-13.797],[3.827,-10.071],[28.903,0.101],[53.375,-17.825],[12.186,-54.181],[30.615,-66.165],[49.045,-61.029],[50.958,-64.856]],"c":true},"ix":2},"nm":"S","mn":"ADBE Vector Shape - Group","hd":false}],"nm":"S","np":3,"cix":2,"ix":1,"mn":"ADBE Vector Group","hd":false}]},"fFamily":"Montserrat"},{"ch":"R","size":140,"style":"Ultra Light","w":72.2,"data":{"shapes":[{"ty":"gr","it":[{"ind":0,"ty":"sh","ix":1,"ks":{"a":0,"k":{"i":[[0,0],[0,0],[0,0],[0,11.984],[17.422,0],[0,0],[0,0],[0,0],[0,0],[0,0],[-1.913,0.302]],"o":[[0,0],[0,0],[11.179,-2.82],[0,-14.703],[0,0],[0,0],[0,0],[0,0],[0,0],[2.115,0],[0,0]],"v":[[59.518,0],[64.554,0],[46.93,-24.573],[64.252,-47.232],[36.96,-70.395],[12.085,-70.395],[12.085,0],[16.315,0],[16.315,-23.465],[36.96,-23.465],[42.902,-23.868]],"c":true},"ix":2},"nm":"R","mn":"ADBE Vector Shape - Group","hd":false},{"ind":1,"ty":"sh","ix":2,"ks":{"a":0,"k":{"i":[[0,0],[0,0],[0,0],[0,-12.387],[14.703,0]],"o":[[0,0],[0,0],[14.703,0],[0,12.589],[0,0]],"v":[[16.315,-27.594],[16.315,-66.266],[37.061,-66.266],[60.123,-47.131],[37.061,-27.594]],"c":true},"ix":2},"nm":"R","mn":"ADBE Vector Shape - Group","hd":false}],"nm":"R","np":5,"cix":2,"ix":1,"mn":"ADBE Vector Group","hd":false}]},"fFamily":"Montserrat"},{"ch":"V","size":140,"style":"Bold","w":74.6,"data":{"shapes":[{"ty":"gr","it":[{"ind":0,"ty":"sh","ix":1,"ks":{"a":0,"k":{"i":[[0,0],[0,0],[0,0],[0,0],[0,0],[0,0],[0,0]],"o":[[0,0],[0,0],[0,0],[0,0],[0,0],[0,0],[0,0]],"v":[[59.921,-70.496],[38.168,-20.142],[16.718,-70.496],[-0.906,-70.496],[29.507,0],[45.621,0],[76.135,-70.496]],"c":true},"ix":2},"nm":"V","mn":"ADBE Vector Shape - Group","hd":false}],"nm":"V","np":3,"cix":2,"ix":1,"mn":"ADBE Vector Group","hd":false}]},"fFamily":"Montserrat"},{"ch":" ","size":140,"style":"Bold","w":28.3,"data":{},"fFamily":"Montserrat"},{"ch":".","size":140,"style":"Bold","w":26.2,"data":{"shapes":[{"ty":"gr","it":[{"ind":0,"ty":"sh","ix":1,"ks":{"a":0,"k":{"i":[[-5.438,0],[0,5.74],[5.438,0],[0,-5.841]],"o":[[5.438,0],[0,-5.841],[-5.438,0],[0,5.74]],"v":[[13.193,0.806],[22.961,-9.064],[13.193,-18.732],[3.424,-9.064]],"c":true},"ix":2},"nm":".","mn":"ADBE Vector Shape - Group","hd":false}],"nm":".","np":3,"cix":2,"ix":1,"mn":"ADBE Vector Group","hd":false}]},"fFamily":"Montserrat"},{"ch":"B","size":72,"style":"Ultra Light","w":72.5,"data":{"shapes":[{"ty":"gr","it":[{"ind":0,"ty":"sh","ix":1,"ks":{"a":0,"k":{"i":[[0,0],[0,0],[0,0],[0,11.984],[10.776,1.309],[0,8.661],[13.797,0]],"o":[[0,0],[0,0],[16.013,0],[0,-9.869],[8.661,-1.611],[0,-10.977],[0,0]],"v":[[12.085,-70.395],[12.085,0],[41.089,0],[66.367,-18.933],[49.246,-36.758],[62.842,-52.972],[40.887,-70.395]],"c":true},"ix":2},"nm":"B","mn":"ADBE Vector Shape - Group","hd":false},{"ind":1,"ty":"sh","ix":2,"ks":{"a":0,"k":{"i":[[0,0],[0,0],[0,-8.762],[11.279,0],[0,0]],"o":[[0,0],[11.279,0],[0,8.963],[0,0],[0,0]],"v":[[16.315,-66.266],[40.787,-66.266],[58.612,-52.469],[40.787,-38.47],[16.315,-38.47]],"c":true},"ix":2},"nm":"B","mn":"ADBE Vector Shape - Group","hd":false},{"ind":2,"ty":"sh","ix":3,"ks":{"a":0,"k":{"i":[[0,0],[0,0],[0,-9.467],[13.596,0],[0,0]],"o":[[0,0],[13.596,0],[0,9.769],[0,0],[0,0]],"v":[[16.315,-34.341],[40.787,-34.341],[62.137,-19.437],[40.787,-4.129],[16.315,-4.129]],"c":true},"ix":2},"nm":"B","mn":"ADBE Vector Shape - Group","hd":false}],"nm":"B","np":6,"cix":2,"ix":1,"mn":"ADBE Vector Group","hd":false}]},"fFamily":"Montserrat"},{"ch":"M","size":72,"style":"Ultra Light","w":91.6,"data":{"shapes":[{"ty":"gr","it":[{"ind":0,"ty":"sh","ix":1,"ks":{"a":0,"k":{"i":[[0,0],[0,0],[0,0],[0,0],[0,0],[0,0],[0,0],[0,0],[0,0],[0,0],[0,0],[0,0],[0,0]],"o":[[0,0],[0,0],[0,0],[0,0],[0,0],[0,0],[0,0],[0,0],[0,0],[0,0],[0,0],[0,0],[0,0]],"v":[[80.164,0],[80.164,-70.395],[74.323,-70.395],[46.225,-15.005],[17.926,-70.395],[12.085,-70.395],[12.085,0],[16.113,0],[16.113,-64.554],[45.218,-7.654],[47.131,-7.654],[76.035,-64.554],[76.135,0]],"c":true},"ix":2},"nm":"M","mn":"ADBE Vector Shape - Group","hd":false}],"nm":"M","np":3,"cix":2,"ix":1,"mn":"ADBE Vector Group","hd":false}]},"fFamily":"Montserrat"},{"ch":"T","size":72,"style":"Ultra Light","w":53.8,"data":{"shapes":[{"ty":"gr","it":[{"ind":0,"ty":"sh","ix":1,"ks":{"a":0,"k":{"i":[[0,0],[0,0],[0,0],[0,0],[0,0],[0,0],[0,0],[0,0]],"o":[[0,0],[0,0],[0,0],[0,0],[0,0],[0,0],[0,0],[0,0]],"v":[[52.972,-66.266],[52.972,-70.395],[1.208,-70.395],[1.208,-66.266],[24.976,-66.266],[24.976,0],[29.205,0],[29.205,-66.266]],"c":true},"ix":2},"nm":"T","mn":"ADBE Vector Shape - Group","hd":false}],"nm":"T","np":3,"cix":2,"ix":1,"mn":"ADBE Vector Group","hd":false}]},"fFamily":"Montserrat"},{"ch":"A","size":72,"style":"Ultra Light","w":69.8,"data":{"shapes":[{"ty":"gr","it":[{"ind":0,"ty":"sh","ix":1,"ks":{"a":0,"k":{"i":[[0,0],[0,0],[0,0],[0,0],[0,0],[0,0],[0,0],[0,0]],"o":[[0,0],[0,0],[0,0],[0,0],[0,0],[0,0],[0,0],[0,0]],"v":[[55.692,-20.041],[64.856,0],[69.489,0],[37.262,-70.395],[32.73,-70.395],[0.806,0],[5.438,0],[14.502,-20.041]],"c":true},"ix":2},"nm":"A","mn":"ADBE Vector Shape - Group","hd":false},{"ind":1,"ty":"sh","ix":2,"ks":{"a":0,"k":{"i":[[0,0],[0,0],[0,0]],"o":[[0,0],[0,0],[0,0]],"v":[[53.778,-24.271],[16.315,-24.271],[34.946,-65.561]],"c":true},"ix":2},"nm":"A","mn":"ADBE Vector Shape - Group","hd":false}],"nm":"A","np":5,"cix":2,"ix":1,"mn":"ADBE Vector Group","hd":false}]},"fFamily":"Montserrat"},{"ch":"B","size":72,"style":"Bold","w":76.5,"data":{"shapes":[{"ty":"gr","it":[{"ind":0,"ty":"sh","ix":1,"ks":{"a":0,"k":{"i":[[7.855,2.518],[0,7.05],[17.624,0],[0,0],[0,0],[0,0],[0,12.186]],"o":[[5.74,-3.021],[0,-10.977],[0,0],[0,0],[0,0],[18.53,0],[0,-8.862]],"v":[[60.123,-36.658],[69.489,-52.167],[42.801,-70.496],[8.359,-70.496],[8.359,0],[44.815,0],[73.013,-19.235]],"c":true},"ix":2},"nm":"B","mn":"ADBE Vector Shape - Group","hd":false},{"ind":1,"ty":"sh","ix":2,"ks":{"a":0,"k":{"i":[[0,0],[0,-5.539],[7.956,0],[0,0],[0,0]],"o":[[7.956,0],[0,5.539],[0,0],[0,0],[0,0]],"v":[[40.787,-58.209],[53.073,-49.951],[40.787,-41.592],[24.573,-41.592],[24.573,-58.209]],"c":true},"ix":2},"nm":"B","mn":"ADBE Vector Shape - Group","hd":false},{"ind":2,"ty":"sh","ix":3,"ks":{"a":0,"k":{"i":[[8.459,0],[0,0],[0,0],[0,0],[0,-5.942]],"o":[[0,0],[0,0],[0,0],[8.459,0],[0,6.042]],"v":[[43.607,-12.286],[24.573,-12.286],[24.573,-29.709],[43.607,-29.709],[56.598,-20.947]],"c":true},"ix":2},"nm":"B","mn":"ADBE Vector Shape - Group","hd":false}],"nm":"B","np":6,"cix":2,"ix":1,"mn":"ADBE Vector Group","hd":false}]},"fFamily":"Montserrat"},{"ch":"\r","size":72,"style":"Bold","w":0,"fFamily":"Montserrat"}]}