{"v":"5.1.4","fr":25,"ip":0,"op":112,"w":1200,"h":300,"nm":"Shadow Wise","ddd":0,"assets":[],"fonts":{"list":[{"fName":"Montserrat-Light","fFamily":"Montserrat","fStyle":"Light","ascent":74.1989135742188},{"fName":"Montserrat-Bold","fFamily":"Montserrat","fStyle":"Bold","ascent":74.1989135742188},{"fName":"Montserrat-UltraLight","fFamily":"Montserrat","fStyle":"Ultra Light","ascent":74.1989135742188}]},"layers":[{"ddd":0,"ind":1,"ty":5,"nm":"J","sr":1,"ks":{"o":{"a":1,"k":[{"t":1,"s":[0],"h":1},{"t":5,"s":[100],"h":1}],"ix":11},"r":{"a":0,"k":0,"ix":10},"p":{"a":0,"k":[732.925,109.229,0],"ix":2},"a":{"a":0,"k":[-1.075,-35.771,0],"ix":1},"s":{"a":0,"k":[100,100,100],"ix":6}},"ao":0,"t":{"d":{"k":[{"s":{"s":72.4000015258789,"f":"Montserrat-UltraLight","t":"J","j":0,"tr":-10,"lh":86.8800018310547,"ls":0,"fc":[0.14,0.61,0.78]},"t":0}]},"p":{},"m":{"g":1,"a":{"a":0,"k":[0,0],"ix":2}},"a":[]},"ip":0,"op":6,"st":1,"bm":0},{"ddd":0,"ind":2,"ty":5,"nm":"G","sr":1,"ks":{"o":{"a":1,"k":[{"t":1,"s":[0],"h":1},{"t":6,"s":[100],"h":1}],"ix":11},"r":{"a":0,"k":0,"ix":10},"p":{"a":0,"k":[732.925,109.229,0],"ix":2},"a":{"a":0,"k":[-1.075,-35.771,0],"ix":1},"s":{"a":0,"k":[100,100,100],"ix":6}},"ao":0,"t":{"d":{"k":[{"s":{"s":72.4000015258789,"f":"Montserrat-UltraLight","t":"G","j":0,"tr":-10,"lh":86.8800018310547,"ls":0,"fc":[0.14,0.61,0.78]},"t":0}]},"p":{},"m":{"g":1,"a":{"a":0,"k":[0,0],"ix":2}},"a":[]},"ip":0,"op":7,"st":1,"bm":0},{"ddd":0,"ind":3,"ty":5,"nm":"B","sr":1,"ks":{"o":{"a":1,"k":[{"t":1,"s":[0],"h":1},{"t":7,"s":[100],"h":1}],"ix":11},"r":{"a":0,"k":0,"ix":10},"p":{"a":0,"k":[732.925,109.229,0],"ix":2},"a":{"a":0,"k":[-1.075,-35.771,0],"ix":1},"s":{"a":0,"k":[100,100,100],"ix":6}},"ao":0,"t":{"d":{"k":[{"s":{"s":72.4000015258789,"f":"Montserrat-UltraLight","t":"B","j":0,"tr":-10,"lh":86.8800018310547,"ls":0,"fc":[0.14,0.61,0.78]},"t":0}]},"p":{},"m":{"g":1,"a":{"a":0,"k":[0,0],"ix":2}},"a":[]},"ip":0,"op":8,"st":1,"bm":0},{"ddd":0,"ind":4,"ty":5,"nm":"Di","sr":1,"ks":{"o":{"a":1,"k":[{"t":1,"s":[0],"h":1},{"t":8,"s":[100],"h":1}],"ix":11},"r":{"a":0,"k":0,"ix":10},"p":{"a":0,"k":[732.925,109.229,0],"ix":2},"a":{"a":0,"k":[-1.075,-35.771,0],"ix":1},"s":{"a":0,"k":[100,100,100],"ix":6}},"ao":0,"t":{"d":{"k":[{"s":{"s":72.4000015258789,"f":"Montserrat-UltraLight","t":"Di","j":0,"tr":-10,"lh":86.8800018310547,"ls":0,"fc":[0.14,0.61,0.78]},"t":0}]},"p":{},"m":{"g":1,"a":{"a":0,"k":[0,0],"ix":2}},"a":[]},"ip":0,"op":9,"st":1,"bm":0},{"ddd":0,"ind":5,"ty":5,"nm":"Ba","sr":1,"ks":{"o":{"a":1,"k":[{"t":1,"s":[0],"h":1},{"t":9,"s":[100],"h":1}],"ix":11},"r":{"a":0,"k":0,"ix":10},"p":{"a":0,"k":[732.925,109.229,0],"ix":2},"a":{"a":0,"k":[-1.075,-35.771,0],"ix":1},"s":{"a":0,"k":[100,100,100],"ix":6}},"ao":0,"t":{"d":{"k":[{"s":{"s":72.4000015258789,"f":"Montserrat-UltraLight","t":"Ba","j":0,"tr":-10,"lh":86.8800018310547,"ls":0,"fc":[0.14,0.61,0.78]},"t":0}]},"p":{},"m":{"g":1,"a":{"a":0,"k":[0,0],"ix":2}},"a":[]},"ip":0,"op":10,"st":1,"bm":0},{"ddd":0,"ind":6,"ty":5,"nm":"Xoi","sr":1,"ks":{"o":{"a":1,"k":[{"t":1,"s":[0],"h":1},{"t":10,"s":[100],"h":1}],"ix":11},"r":{"a":0,"k":0,"ix":10},"p":{"a":0,"k":[732.925,109.229,0],"ix":2},"a":{"a":0,"k":[-1.075,-35.771,0],"ix":1},"s":{"a":0,"k":[100,100,100],"ix":6}},"ao":0,"t":{"d":{"k":[{"s":{"s":72.4000015258789,"f":"Montserrat-UltraLight","t":"Xoi","j":0,"tr":-10,"lh":86.8800018310547,"ls":0,"fc":[0.14,0.61,0.78]},"t":0}]},"p":{},"m":{"g":1,"a":{"a":0,"k":[0,0],"ix":2}},"a":[]},"ip":0,"op":11,"st":1,"bm":0},{"ddd":0,"ind":7,"ty":5,"nm":"Vaf","sr":1,"ks":{"o":{"a":1,"k":[{"t":1,"s":[0],"h":1},{"t":11,"s":[100],"h":1}],"ix":11},"r":{"a":0,"k":0,"ix":10},"p":{"a":0,"k":[732.925,109.229,0],"ix":2},"a":{"a":0,"k":[-1.075,-35.771,0],"ix":1},"s":{"a":0,"k":[100,100,100],"ix":6}},"ao":0,"t":{"d":{"k":[{"s":{"s":72.4000015258789,"f":"Montserrat-UltraLight","t":"Vaf","j":0,"tr":-10,"lh":86.8800018310547,"ls":0,"fc":[0.14,0.61,0.78]},"t":0}]},"p":{},"m":{"g":1,"a":{"a":0,"k":[0,0],"ix":2}},"a":[]},"ip":0,"op":12,"st":1,"bm":0},{"ddd":0,"ind":8,"ty":5,"nm":"Vuh","sr":1,"ks":{"o":{"a":1,"k":[{"t":1,"s":[0],"h":1},{"t":12,"s":[100],"h":1}],"ix":11},"r":{"a":0,"k":0,"ix":10},"p":{"a":0,"k":[732.925,109.229,0],"ix":2},"a":{"a":0,"k":[-1.075,-35.771,0],"ix":1},"s":{"a":0,"k":[100,100,100],"ix":6}},"ao":0,"t":{"d":{"k":[{"s":{"s":72.4000015258789,"f":"Montserrat-UltraLight","t":"Vuh","j":0,"tr":-10,"lh":86.8800018310547,"ls":0,"fc":[0.14,0.61,0.78]},"t":0}]},"p":{},"m":{"g":1,"a":{"a":0,"k":[0,0],"ix":2}},"a":[]},"ip":0,"op":13,"st":1,"bm":0},{"ddd":0,"ind":9,"ty":5,"nm":"Wad","sr":1,"ks":{"o":{"a":1,"k":[{"t":1,"s":[0],"h":1},{"t":13,"s":[100],"h":1}],"ix":11},"r":{"a":0,"k":0,"ix":10},"p":{"a":0,"k":[732.925,109.229,0],"ix":2},"a":{"a":0,"k":[-1.075,-35.771,0],"ix":1},"s":{"a":0,"k":[100,100,100],"ix":6}},"ao":0,"t":{"d":{"k":[{"s":{"s":72.4000015258789,"f":"Montserrat-UltraLight","t":"Wad","j":0,"tr":-10,"lh":86.8800018310547,"ls":0,"fc":[0.14,0.61,0.78]},"t":0}]},"p":{},"m":{"g":1,"a":{"a":0,"k":[0,0],"ix":2}},"a":[]},"ip":0,"op":14,"st":1,"bm":0},{"ddd":0,"ind":10,"ty":5,"nm":"Weli","sr":1,"ks":{"o":{"a":1,"k":[{"t":1,"s":[0],"h":1},{"t":14,"s":[100],"h":1}],"ix":11},"r":{"a":0,"k":0,"ix":10},"p":{"a":0,"k":[732.925,109.229,0],"ix":2},"a":{"a":0,"k":[-1.075,-35.771,0],"ix":1},"s":{"a":0,"k":[100,100,100],"ix":6}},"ao":0,"t":{"d":{"k":[{"s":{"s":72.4000015258789,"f":"Montserrat-UltraLight","t":"Weli","j":0,"tr":-10,"lh":86.8800018310547,"ls":0,"fc":[0.14,0.61,0.78]},"t":0}]},"p":{},"m":{"g":1,"a":{"a":0,"k":[0,0],"ix":2}},"a":[]},"ip":0,"op":15,"st":1,"bm":0},{"ddd":0,"ind":11,"ty":5,"nm":"Wihk","sr":1,"ks":{"o":{"a":1,"k":[{"t":1,"s":[0],"h":1},{"t":15,"s":[100],"h":1}],"ix":11},"r":{"a":0,"k":0,"ix":10},"p":{"a":0,"k":[732.925,109.229,0],"ix":2},"a":{"a":0,"k":[-1.075,-35.771,0],"ix":1},"s":{"a":0,"k":[100,100,100],"ix":6}},"ao":0,"t":{"d":{"k":[{"s":{"s":72.4000015258789,"f":"Montserrat-UltraLight","t":"Wihk","j":0,"tr":-10,"lh":86.8800018310547,"ls":0,"fc":[0.14,0.61,0.78]},"t":0}]},"p":{},"m":{"g":1,"a":{"a":0,"k":[0,0],"ix":2}},"a":[]},"ip":0,"op":16,"st":1,"bm":0},{"ddd":0,"ind":12,"ty":5,"nm":"Wibs","sr":1,"ks":{"o":{"a":1,"k":[{"t":1,"s":[0],"h":1},{"t":16,"s":[100],"h":1}],"ix":11},"r":{"a":0,"k":0,"ix":10},"p":{"a":0,"k":[732.925,109.229,0],"ix":2},"a":{"a":0,"k":[-1.075,-35.771,0],"ix":1},"s":{"a":0,"k":[100,100,100],"ix":6}},"ao":0,"t":{"d":{"k":[{"s":{"s":72.4000015258789,"f":"Montserrat-UltraLight","t":"Wibs","j":0,"tr":-10,"lh":86.8800018310547,"ls":0,"fc":[0.14,0.61,0.78]},"t":0}]},"p":{},"m":{"g":1,"a":{"a":0,"k":[0,0],"ix":2}},"a":[]},"ip":0,"op":17,"st":1,"bm":0},{"ddd":0,"ind":13,"ty":5,"nm":"Wicx","sr":1,"ks":{"o":{"a":1,"k":[{"t":1,"s":[0],"h":1},{"t":17,"s":[100],"h":1}],"ix":11},"r":{"a":0,"k":0,"ix":10},"p":{"a":0,"k":[732.925,109.229,0],"ix":2},"a":{"a":0,"k":[-1.075,-35.771,0],"ix":1},"s":{"a":0,"k":[100,100,100],"ix":6}},"ao":0,"t":{"d":{"k":[{"s":{"s":72.4000015258789,"f":"Montserrat-UltraLight","t":"Wicx","j":0,"tr":-10,"lh":86.8800018310547,"ls":0,"fc":[0.14,0.61,0.78]},"t":0}]},"p":{},"m":{"g":1,"a":{"a":0,"k":[0,0],"ix":2}},"a":[]},"ip":0,"op":18,"st":1,"bm":0},{"ddd":0,"ind":14,"ty":5,"nm":"Wizo","sr":1,"ks":{"o":{"a":1,"k":[{"t":1,"s":[0],"h":1},{"t":18,"s":[100],"h":1}],"ix":11},"r":{"a":0,"k":0,"ix":10},"p":{"a":0,"k":[732.925,109.229,0],"ix":2},"a":{"a":0,"k":[-1.075,-35.771,0],"ix":1},"s":{"a":0,"k":[100,100,100],"ix":6}},"ao":0,"t":{"d":{"k":[{"s":{"s":72.4000015258789,"f":"Montserrat-UltraLight","t":"Wizo","j":0,"tr":-10,"lh":86.8800018310547,"ls":0,"fc":[0.14,0.61,0.78]},"t":0}]},"p":{},"m":{"g":1,"a":{"a":0,"k":[0,0],"ix":2}},"a":[]},"ip":0,"op":19,"st":1,"bm":0},{"ddd":0,"ind":15,"ty":5,"nm":"Wize","sr":1,"ks":{"o":{"a":1,"k":[{"t":1,"s":[0],"h":1},{"t":19,"s":[100],"h":1}],"ix":11},"r":{"a":0,"k":0,"ix":10},"p":{"a":0,"k":[732.925,109.229,0],"ix":2},"a":{"a":0,"k":[-1.075,-35.771,0],"ix":1},"s":{"a":0,"k":[100,100,100],"ix":6}},"ao":0,"t":{"d":{"k":[{"s":{"s":72.4000015258789,"f":"Montserrat-UltraLight","t":"Wize","j":0,"tr":-10,"lh":86.8800018310547,"ls":0,"fc":[0.14,0.61,0.78]},"t":0}]},"p":{},"m":{"g":1,"a":{"a":0,"k":[0,0],"ix":2}},"a":[]},"ip":0,"op":113,"st":1,"bm":0},{"ddd":0,"ind":16,"ty":5,"nm":"S","sr":1,"ks":{"o":{"a":1,"k":[{"t":1,"s":[0],"h":1},{"t":19,"s":[100],"h":1}],"ix":11},"r":{"a":0,"k":0,"ix":10},"p":{"a":0,"k":[329.925,175.488,0],"ix":2},"a":{"a":0,"k":[-13.814,-53.512,0],"ix":1},"s":{"a":0,"k":[100,100,100],"ix":6}},"ao":0,"t":{"d":{"k":[{"s":{"s":138.199996948242,"f":"Montserrat-Bold","t":"S","j":0,"tr":0,"lh":165.839996337891,"ls":0,"fc":[0.14,0.62,0.78]},"t":0}]},"p":{},"m":{"g":1,"a":{"a":0,"k":[0,0],"ix":2}},"a":[]},"ip":0,"op":130,"st":1,"bm":0},{"ddd":0,"ind":17,"ty":5,"nm":"I","sr":1,"ks":{"o":{"a":1,"k":[{"t":0,"s":[0],"h":1},{"t":1,"s":[100],"h":1}],"ix":11},"r":{"a":0,"k":0,"ix":10},"p":{"a":0,"k":[329.925,175.488,0],"ix":2},"a":{"a":0,"k":[-13.814,-53.512,0],"ix":1},"s":{"a":0,"k":[100,100,100],"ix":6}},"ao":0,"t":{"d":{"k":[{"s":{"s":138.199996948242,"f":"Montserrat-Light","t":"I","j":0,"tr":0,"lh":165.839996337891,"ls":0,"fc":[0.14,0.62,0.78]},"t":0}]},"p":{},"m":{"g":1,"a":{"a":0,"k":[0,0],"ix":2}},"a":[]},"ip":0,"op":2,"st":1,"bm":0},{"ddd":0,"ind":18,"ty":5,"nm":"R","sr":1,"ks":{"o":{"a":1,"k":[{"t":1,"s":[0],"h":1},{"t":2,"s":[100],"h":1}],"ix":11},"r":{"a":0,"k":0,"ix":10},"p":{"a":0,"k":[329.925,175.488,0],"ix":2},"a":{"a":0,"k":[-13.814,-53.512,0],"ix":1},"s":{"a":0,"k":[100,100,100],"ix":6}},"ao":0,"t":{"d":{"k":[{"s":{"s":138.199996948242,"f":"Montserrat-Light","t":"R","j":0,"tr":0,"lh":165.839996337891,"ls":0,"fc":[0.14,0.62,0.78]},"t":0}]},"p":{},"m":{"g":1,"a":{"a":0,"k":[0,0],"ix":2}},"a":[]},"ip":0,"op":3,"st":1,"bm":0},{"ddd":0,"ind":19,"ty":5,"nm":"O","sr":1,"ks":{"o":{"a":1,"k":[{"t":1,"s":[0],"h":1},{"t":3,"s":[100],"h":1}],"ix":11},"r":{"a":0,"k":0,"ix":10},"p":{"a":0,"k":[329.925,175.488,0],"ix":2},"a":{"a":0,"k":[-13.814,-53.512,0],"ix":1},"s":{"a":0,"k":[100,100,100],"ix":6}},"ao":0,"t":{"d":{"k":[{"s":{"s":138.199996948242,"f":"Montserrat-Light","t":"O","j":0,"tr":0,"lh":165.839996337891,"ls":0,"fc":[0.14,0.62,0.78]},"t":0}]},"p":{},"m":{"g":1,"a":{"a":0,"k":[0,0],"ix":2}},"a":[]},"ip":0,"op":4,"st":1,"bm":0},{"ddd":0,"ind":20,"ty":5,"nm":"Ai","sr":1,"ks":{"o":{"a":1,"k":[{"t":1,"s":[0],"h":1},{"t":4,"s":[100],"h":1}],"ix":11},"r":{"a":0,"k":0,"ix":10},"p":{"a":0,"k":[329.925,175.488,0],"ix":2},"a":{"a":0,"k":[-13.814,-53.512,0],"ix":1},"s":{"a":0,"k":[100,100,100],"ix":6}},"ao":0,"t":{"d":{"k":[{"s":{"s":138.199996948242,"f":"Montserrat-Light","t":"Ai","j":0,"tr":0,"lh":165.839996337891,"ls":0,"fc":[0.14,0.62,0.78]},"t":0}]},"p":{},"m":{"g":1,"a":{"a":0,"k":[0,0],"ix":2}},"a":[]},"ip":0,"op":5,"st":1,"bm":0},{"ddd":0,"ind":21,"ty":5,"nm":"Dc","sr":1,"ks":{"o":{"a":1,"k":[{"t":1,"s":[0],"h":1},{"t":5,"s":[100],"h":1}],"ix":11},"r":{"a":0,"k":0,"ix":10},"p":{"a":0,"k":[329.925,175.488,0],"ix":2},"a":{"a":0,"k":[-13.814,-53.512,0],"ix":1},"s":{"a":0,"k":[100,100,100],"ix":6}},"ao":0,"t":{"d":{"k":[{"s":{"s":138.199996948242,"f":"Montserrat-Light","t":"Dc","j":0,"tr":0,"lh":165.839996337891,"ls":0,"fc":[0.14,0.62,0.78]},"t":0}]},"p":{},"m":{"g":1,"a":{"a":0,"k":[0,0],"ix":2}},"a":[]},"ip":0,"op":6,"st":1,"bm":0},{"ddd":0,"ind":22,"ty":5,"nm":"Vsi","sr":1,"ks":{"o":{"a":1,"k":[{"t":1,"s":[0],"h":1},{"t":6,"s":[100],"h":1}],"ix":11},"r":{"a":0,"k":0,"ix":10},"p":{"a":0,"k":[329.925,175.488,0],"ix":2},"a":{"a":0,"k":[-13.814,-53.512,0],"ix":1},"s":{"a":0,"k":[100,100,100],"ix":6}},"ao":0,"t":{"d":{"k":[{"s":{"s":138.199996948242,"f":"Montserrat-Light","t":"Vsi","j":0,"tr":0,"lh":165.839996337891,"ls":0,"fc":[0.14,0.62,0.78]},"t":0}]},"p":{},"m":{"g":1,"a":{"a":0,"k":[0,0],"ix":2}},"a":[]},"ip":0,"op":7,"st":1,"bm":0},{"ddd":0,"ind":23,"ty":5,"nm":"Sny","sr":1,"ks":{"o":{"a":1,"k":[{"t":1,"s":[0],"h":1},{"t":7,"s":[100],"h":1}],"ix":11},"r":{"a":0,"k":0,"ix":10},"p":{"a":0,"k":[329.925,175.488,0],"ix":2},"a":{"a":0,"k":[-13.814,-53.512,0],"ix":1},"s":{"a":0,"k":[100,100,100],"ix":6}},"ao":0,"t":{"d":{"k":[{"s":{"s":138.199996948242,"f":"Montserrat-Light","t":"Sny","j":0,"tr":0,"lh":165.839996337891,"ls":0,"fc":[0.14,0.62,0.78]},"t":0}]},"p":{},"m":{"g":1,"a":{"a":0,"k":[0,0],"ix":2}},"a":[]},"ip":0,"op":8,"st":1,"bm":0},{"ddd":0,"ind":24,"ty":5,"nm":"Nkit","sr":1,"ks":{"o":{"a":1,"k":[{"t":1,"s":[0],"h":1},{"t":8,"s":[100],"h":1}],"ix":11},"r":{"a":0,"k":0,"ix":10},"p":{"a":0,"k":[329.925,175.488,0],"ix":2},"a":{"a":0,"k":[-13.814,-53.512,0],"ix":1},"s":{"a":0,"k":[100,100,100],"ix":6}},"ao":0,"t":{"d":{"k":[{"s":{"s":138.199996948242,"f":"Montserrat-Light","t":"Nkit","j":0,"tr":0,"lh":165.839996337891,"ls":0,"fc":[0.14,0.62,0.78]},"t":0}]},"p":{},"m":{"g":1,"a":{"a":0,"k":[0,0],"ix":2}},"a":[]},"ip":0,"op":9,"st":1,"bm":0},{"ddd":0,"ind":25,"ty":5,"nm":"Hnfs_","sr":1,"ks":{"o":{"a":1,"k":[{"t":1,"s":[0],"h":1},{"t":9,"s":[100],"h":1}],"ix":11},"r":{"a":0,"k":0,"ix":10},"p":{"a":0,"k":[329.925,175.488,0],"ix":2},"a":{"a":0,"k":[-13.814,-53.512,0],"ix":1},"s":{"a":0,"k":[100,100,100],"ix":6}},"ao":0,"t":{"d":{"k":[{"s":{"s":138.199996948242,"f":"Montserrat-Light","t":"Hnfs_","j":0,"tr":0,"lh":165.839996337891,"ls":0,"fc":[0.14,0.62,0.78]},"t":0}]},"p":{},"m":{"g":1,"a":{"a":0,"k":[0,0],"ix":2}},"a":[]},"ip":0,"op":10,"st":1,"bm":0},{"ddd":0,"ind":26,"ty":5,"nm":"Cstn_","sr":1,"ks":{"o":{"a":1,"k":[{"t":1,"s":[0],"h":1},{"t":10,"s":[100],"h":1}],"ix":11},"r":{"a":0,"k":0,"ix":10},"p":{"a":0,"k":[329.925,175.488,0],"ix":2},"a":{"a":0,"k":[-13.814,-53.512,0],"ix":1},"s":{"a":0,"k":[100,100,100],"ix":6}},"ao":0,"t":{"d":{"k":[{"s":{"s":138.199996948242,"f":"Montserrat-Light","t":"Cstn_","j":0,"tr":0,"lh":165.839996337891,"ls":0,"fc":[0.14,0.62,0.78]},"t":0}]},"p":{},"m":{"g":1,"a":{"a":0,"k":[0,0],"ix":2}},"a":[]},"ip":0,"op":11,"st":1,"bm":0},{"ddd":0,"ind":27,"ty":5,"nm":"Sxcsd","sr":1,"ks":{"o":{"a":1,"k":[{"t":1,"s":[0],"h":1},{"t":11,"s":[100],"h":1}],"ix":11},"r":{"a":0,"k":0,"ix":10},"p":{"a":0,"k":[329.925,175.488,0],"ix":2},"a":{"a":0,"k":[-13.814,-53.512,0],"ix":1},"s":{"a":0,"k":[100,100,100],"ix":6}},"ao":0,"t":{"d":{"k":[{"s":{"s":138.199996948242,"f":"Montserrat-Light","t":"Sxcsd","j":0,"tr":0,"lh":165.839996337891,"ls":0,"fc":[0.14,0.62,0.78]},"t":0}]},"p":{},"m":{"g":1,"a":{"a":0,"k":[0,0],"ix":2}},"a":[]},"ip":0,"op":12,"st":1,"bm":0},{"ddd":0,"ind":28,"ty":5,"nm":"Shxzn","sr":1,"ks":{"o":{"a":1,"k":[{"t":1,"s":[0],"h":1},{"t":12,"s":[100],"h":1}],"ix":11},"r":{"a":0,"k":0,"ix":10},"p":{"a":0,"k":[329.925,175.488,0],"ix":2},"a":{"a":0,"k":[-13.814,-53.512,0],"ix":1},"s":{"a":0,"k":[100,100,100],"ix":6}},"ao":0,"t":{"d":{"k":[{"s":{"s":138.199996948242,"f":"Montserrat-Light","t":"Shxzn","j":0,"tr":0,"lh":165.839996337891,"ls":0,"fc":[0.14,0.62,0.78]},"t":0}]},"p":{},"m":{"g":1,"a":{"a":0,"k":[0,0],"ix":2}},"a":[]},"ip":0,"op":13,"st":1,"bm":0},{"ddd":0,"ind":29,"ty":5,"nm":"Sheavi","sr":1,"ks":{"o":{"a":1,"k":[{"t":1,"s":[0],"h":1},{"t":13,"s":[100],"h":1}],"ix":11},"r":{"a":0,"k":0,"ix":10},"p":{"a":0,"k":[329.925,175.488,0],"ix":2},"a":{"a":0,"k":[-13.814,-53.512,0],"ix":1},"s":{"a":0,"k":[100,100,100],"ix":6}},"ao":0,"t":{"d":{"k":[{"s":{"s":138.199996948242,"f":"Montserrat-Light","t":"Sheavi","j":0,"tr":0,"lh":165.839996337891,"ls":0,"fc":[0.14,0.62,0.78]},"t":0}]},"p":{},"m":{"g":1,"a":{"a":0,"k":[0,0],"ix":2}},"a":[]},"ip":0,"op":14,"st":1,"bm":0},{"ddd":0,"ind":30,"ty":5,"nm":"Shoery","sr":1,"ks":{"o":{"a":1,"k":[{"t":1,"s":[0],"h":1},{"t":14,"s":[100],"h":1}],"ix":11},"r":{"a":0,"k":0,"ix":10},"p":{"a":0,"k":[329.925,175.488,0],"ix":2},"a":{"a":0,"k":[-13.814,-53.512,0],"ix":1},"s":{"a":0,"k":[100,100,100],"ix":6}},"ao":0,"t":{"d":{"k":[{"s":{"s":138.199996948242,"f":"Montserrat-Light","t":"Shoery","j":0,"tr":0,"lh":165.839996337891,"ls":0,"fc":[0.14,0.62,0.78]},"t":0}]},"p":{},"m":{"g":1,"a":{"a":0,"k":[0,0],"ix":2}},"a":[]},"ip":0,"op":15,"st":1,"bm":0},{"ddd":0,"ind":31,"ty":5,"nm":"Shadsa","sr":1,"ks":{"o":{"a":1,"k":[{"t":1,"s":[0],"h":1},{"t":15,"s":[100],"h":1}],"ix":11},"r":{"a":0,"k":0,"ix":10},"p":{"a":0,"k":[329.925,175.488,0],"ix":2},"a":{"a":0,"k":[-13.814,-53.512,0],"ix":1},"s":{"a":0,"k":[100,100,100],"ix":6}},"ao":0,"t":{"d":{"k":[{"s":{"s":138.199996948242,"f":"Montserrat-Light","t":"Shadsa","j":0,"tr":0,"lh":165.839996337891,"ls":0,"fc":[0.14,0.62,0.78]},"t":0}]},"p":{},"m":{"g":1,"a":{"a":0,"k":[0,0],"ix":2}},"a":[]},"ip":0,"op":16,"st":1,"bm":0},{"ddd":0,"ind":32,"ty":5,"nm":"Shanzg","sr":1,"ks":{"o":{"a":1,"k":[{"t":1,"s":[0],"h":1},{"t":16,"s":[100],"h":1}],"ix":11},"r":{"a":0,"k":0,"ix":10},"p":{"a":0,"k":[329.925,175.488,0],"ix":2},"a":{"a":0,"k":[-13.814,-53.512,0],"ix":1},"s":{"a":0,"k":[100,100,100],"ix":6}},"ao":0,"t":{"d":{"k":[{"s":{"s":138.199996948242,"f":"Montserrat-Light","t":"Shanzg","j":0,"tr":0,"lh":165.839996337891,"ls":0,"fc":[0.14,0.62,0.78]},"t":0}]},"p":{},"m":{"g":1,"a":{"a":0,"k":[0,0],"ix":2}},"a":[]},"ip":0,"op":17,"st":1,"bm":0},{"ddd":0,"ind":33,"ty":5,"nm":"Shadxp","sr":1,"ks":{"o":{"a":1,"k":[{"t":1,"s":[0],"h":1},{"t":17,"s":[100],"h":1}],"ix":11},"r":{"a":0,"k":0,"ix":10},"p":{"a":0,"k":[329.925,175.488,0],"ix":2},"a":{"a":0,"k":[-13.814,-53.512,0],"ix":1},"s":{"a":0,"k":[100,100,100],"ix":6}},"ao":0,"t":{"d":{"k":[{"s":{"s":138.199996948242,"f":"Montserrat-Light","t":"Shadxp","j":0,"tr":0,"lh":165.839996337891,"ls":0,"fc":[0.14,0.62,0.78]},"t":0}]},"p":{},"m":{"g":1,"a":{"a":0,"k":[0,0],"ix":2}},"a":[]},"ip":0,"op":18,"st":1,"bm":0},{"ddd":0,"ind":34,"ty":5,"nm":"Shadov","sr":1,"ks":{"o":{"a":1,"k":[{"t":1,"s":[0],"h":1},{"t":18,"s":[100],"h":1}],"ix":11},"r":{"a":0,"k":0,"ix":10},"p":{"a":0,"k":[329.925,175.488,0],"ix":2},"a":{"a":0,"k":[-13.814,-53.512,0],"ix":1},"s":{"a":0,"k":[100,100,100],"ix":6}},"ao":0,"t":{"d":{"k":[{"s":{"s":138.199996948242,"f":"Montserrat-Light","t":"Shadov","j":0,"tr":0,"lh":165.839996337891,"ls":0,"fc":[0.14,0.62,0.78]},"t":0}]},"p":{},"m":{"g":1,"a":{"a":0,"k":[0,0],"ix":2}},"a":[]},"ip":0,"op":19,"st":1,"bm":0},{"ddd":0,"ind":35,"ty":5,"nm":"Shadow","sr":1,"ks":{"o":{"a":1,"k":[{"t":1,"s":[0],"h":1},{"t":19,"s":[100],"h":1}],"ix":11},"r":{"a":0,"k":0,"ix":10},"p":{"a":0,"k":[329.925,175.488,0],"ix":2},"a":{"a":0,"k":[-13.814,-53.512,0],"ix":1},"s":{"a":0,"k":[100,100,100],"ix":6}},"ao":0,"t":{"d":{"k":[{"s":{"s":138.199996948242,"f":"Montserrat-Light","t":"Shadow","j":0,"tr":0,"lh":165.839996337891,"ls":0,"fc":[0.14,0.62,0.78]},"t":0}]},"p":{},"m":{"g":1,"a":{"a":0,"k":[0,0],"ix":2}},"a":[]},"ip":0,"op":113,"st":1,"bm":0}],"markers":[{"tm":15,"cm":"2","dr":0}],"chars":[{"ch":"S","size":138.199996948242,"style":"Light","w":60.9,"data":{"shapes":[{"ty":"gr","it":[{"ind":0,"ty":"sh","ix":1,"ks":{"a":0,"k":{"i":[[-10.474,0],[0,9.97],[0,21.149],[-13.696,0],[-5.841,-4.028],[0,0],[7.755,0],[0,-9.97],[0,-21.149],[14.099,0],[4.834,5.035],[0,0]],"o":[[17.422,0],[0,-25.58],[0,-7.755],[6.345,0],[0,0],[-5.438,-3.928],[-17.322,0],[0,25.983],[0,7.654],[-9.467,0],[0,0],[5.136,5.64]],"v":[[30.817,0.504],[56.195,-18.127],[12.186,-52.368],[32.025,-66.467],[51.361,-60.526],[53.275,-64.655],[32.025,-70.999],[7.05,-52.267],[51.059,-17.825],[30.716,-4.028],[7.452,-12.891],[5.136,-9.064]],"c":true},"ix":2},"nm":"S","mn":"ADBE Vector Shape - Group","hd":false}],"nm":"S","np":3,"cix":2,"ix":1,"mn":"ADBE Vector Group","hd":false}]},"fFamily":"Montserrat"},{"ch":"h","size":138.199996948242,"style":"Light","w":67.3,"data":{"shapes":[{"ty":"gr","it":[{"ind":0,"ty":"sh","ix":1,"ks":{"a":0,"k":{"i":[[12.79,0],[3.625,-7.15],[0,0],[0,0],[0,0],[0,0],[0,0],[-12.387,0],[0,-11.884],[0,0],[0,0],[0,0]],"o":[[-9.769,0],[0,0],[0,0],[0,0],[0,0],[0,0],[0,-12.488],[10.675,0],[0,0],[0,0],[0,0],[0,-14.703]],"v":[[36.356,-52.972],[15.71,-41.592],[15.71,-74.725],[10.675,-74.725],[10.675,0],[15.71,0],[15.71,-27.997],[35.651,-48.441],[52.67,-30.313],[52.67,0],[57.706,0],[57.706,-30.716]],"c":true},"ix":2},"nm":"h","mn":"ADBE Vector Shape - Group","hd":false}],"nm":"h","np":3,"cix":2,"ix":1,"mn":"ADBE Vector Group","hd":false}]},"fFamily":"Montserrat"},{"ch":"a","size":138.199996948242,"style":"Light","w":58.3,"data":{"shapes":[{"ty":"gr","it":[{"ind":0,"ty":"sh","ix":1,"ks":{"a":0,"k":{"i":[[12.991,0],[5.237,-4.633],[0,0],[-7.251,0],[0,-9.769],[0,0],[0,0],[0,-7.956],[-11.783,0],[-3.323,6.042],[0,0],[0,0],[0,0]],"o":[[-8.157,0],[0,0],[4.33,-3.928],[10.272,0],[0,0],[0,0],[-14.603,0],[0,8.963],[9.164,0],[0,0],[0,0],[0,0],[0,-12.991]],"v":[[28.4,-52.972],[7.352,-45.52],[9.869,-41.895],[27.997,-48.541],[43.607,-33.536],[43.607,-29.306],[25.58,-29.306],[5.942,-14.603],[24.875,0.403],[43.808,-9.366],[43.808,0],[48.642,0],[48.642,-33.334]],"c":true},"ix":2},"nm":"a","mn":"ADBE Vector Shape - Group","hd":false},{"ind":1,"ty":"sh","ix":2,"ks":{"a":0,"k":{"i":[[8.862,0],[0,6.848],[-10.876,0],[0,0],[0,0]],"o":[[-9.265,0],[0,-6.042],[0,0],[0,0],[-3.021,7.553]],"v":[[25.58,-3.726],[10.977,-14.804],[25.681,-25.378],[43.607,-25.378],[43.607,-15.509]],"c":true},"ix":2},"nm":"a","mn":"ADBE Vector Shape - Group","hd":false}],"nm":"a","np":5,"cix":2,"ix":1,"mn":"ADBE Vector Group","hd":false}]},"fFamily":"Montserrat"},{"ch":"d","size":138.199996948242,"style":"Light","w":67.5,"data":{"shapes":[{"ty":"gr","it":[{"ind":0,"ty":"sh","ix":1,"ks":{"a":0,"k":{"i":[[0,0],[0,0],[9.366,0],[0,-15.811],[-14.804,0],[-4.129,8.157],[0,0],[0,0],[0,0]],"o":[[0,0],[-4.23,-7.956],[-14.804,0],[0,15.71],[9.467,0],[0,0],[0,0],[0,0],[0,0]],"v":[[52.368,-74.725],[52.368,-40.384],[30.917,-52.972],[4.935,-26.285],[30.917,0.403],[52.469,-12.387],[52.469,0],[57.404,0],[57.404,-74.725]],"c":true},"ix":2},"nm":"d","mn":"ADBE Vector Shape - Group","hd":false},{"ind":1,"ty":"sh","ix":2,"ks":{"a":0,"k":{"i":[[12.085,0],[0,13.193],[-12.085,0],[0,-13.193]],"o":[[-12.085,0],[0,-13.193],[12.085,0],[0,13.193]],"v":[[31.219,-4.129],[10.071,-26.285],[31.219,-48.441],[52.368,-26.285]],"c":true},"ix":2},"nm":"d","mn":"ADBE Vector Shape - Group","hd":false}],"nm":"d","np":5,"cix":2,"ix":1,"mn":"ADBE Vector Group","hd":false}]},"fFamily":"Montserrat"},{"ch":"o","size":138.199996948242,"style":"Light","w":62,"data":{"shapes":[{"ty":"gr","it":[{"ind":0,"ty":"sh","ix":1,"ks":{"a":0,"k":{"i":[[-15.106,0],[0,15.61],[15.106,0],[0,-15.61]],"o":[[15.106,0],[0,-15.61],[-15.106,0],[0,15.61]],"v":[[31.219,0.403],[57.504,-26.285],[31.219,-52.972],[4.935,-26.285]],"c":true},"ix":2},"nm":"o","mn":"ADBE Vector Shape - Group","hd":false},{"ind":1,"ty":"sh","ix":2,"ks":{"a":0,"k":{"i":[[12.085,0],[0,13.193],[-12.085,0],[0,-13.193]],"o":[[-12.085,0],[0,-13.193],[12.085,0],[0,13.193]],"v":[[31.219,-4.129],[10.071,-26.285],[31.219,-48.441],[52.368,-26.285]],"c":true},"ix":2},"nm":"o","mn":"ADBE Vector Shape - Group","hd":false}],"nm":"o","np":5,"cix":2,"ix":1,"mn":"ADBE Vector Group","hd":false}]},"fFamily":"Montserrat"},{"ch":"w","size":138.199996948242,"style":"Light","w":85.9,"data":{"shapes":[{"ty":"gr","it":[{"ind":0,"ty":"sh","ix":1,"ks":{"a":0,"k":{"i":[[0,0],[0,0],[0,0],[0,0],[0,0],[0,0],[0,0],[0,0],[0,0],[0,0],[0,0],[0,0],[0,0]],"o":[[0,0],[0,0],[0,0],[0,0],[0,0],[0,0],[0,0],[0,0],[0,0],[0,0],[0,0],[0,0],[0,0]],"v":[[81.171,-52.57],[63.446,-5.74],[45.621,-52.57],[41.29,-52.57],[23.364,-5.64],[5.841,-52.57],[1.007,-52.57],[20.947,0],[25.58,0],[43.405,-45.621],[61.13,0],[65.863,0],[85.803,-52.57]],"c":true},"ix":2},"nm":"w","mn":"ADBE Vector Shape - Group","hd":false}],"nm":"w","np":3,"cix":2,"ix":1,"mn":"ADBE Vector Group","hd":false}]},"fFamily":"Montserrat"},{"ch":"v","size":138.199996948242,"style":"Light","w":52.5,"data":{"shapes":[{"ty":"gr","it":[{"ind":0,"ty":"sh","ix":1,"ks":{"a":0,"k":{"i":[[0,0],[0,0],[0,0],[0,0],[0,0],[0,0],[0,0]],"o":[[0,0],[0,0],[0,0],[0,0],[0,0],[0,0],[0,0]],"v":[[47.736,-52.57],[26.587,-5.539],[5.64,-52.57],[0.302,-52.57],[23.969,0],[29.105,0],[52.872,-52.57]],"c":true},"ix":2},"nm":"v","mn":"ADBE Vector Shape - Group","hd":false}],"nm":"v","np":3,"cix":2,"ix":1,"mn":"ADBE Vector Group","hd":false}]},"fFamily":"Montserrat"},{"ch":"x","size":138.199996948242,"style":"Light","w":51.9,"data":{"shapes":[{"ty":"gr","it":[{"ind":0,"ty":"sh","ix":1,"ks":{"a":0,"k":{"i":[[0,0],[0,0],[0,0],[0,0],[0,0],[0,0],[0,0],[0,0],[0,0],[0,0],[0,0],[0,0]],"o":[[0,0],[0,0],[0,0],[0,0],[0,0],[0,0],[0,0],[0,0],[0,0],[0,0],[0,0],[0,0]],"v":[[50.052,0],[28.903,-27.09],[48.642,-52.57],[43.002,-52.57],[26.083,-30.716],[9.164,-52.57],[3.424,-52.57],[23.163,-27.09],[2.316,0],[8.057,0],[26.083,-23.465],[44.11,0]],"c":true},"ix":2},"nm":"x","mn":"ADBE Vector Shape - Group","hd":false}],"nm":"x","np":3,"cix":2,"ix":1,"mn":"ADBE Vector Group","hd":false}]},"fFamily":"Montserrat"},{"ch":"p","size":138.199996948242,"style":"Light","w":67.5,"data":{"shapes":[{"ty":"gr","it":[{"ind":0,"ty":"sh","ix":1,"ks":{"a":0,"k":{"i":[[14.804,0],[4.129,-8.057],[0,0],[0,0],[0,0],[0,0],[0,0],[-9.265,0],[0,15.811]],"o":[[-9.467,0],[0,0],[0,0],[0,0],[0,0],[0,0],[4.23,7.855],[14.804,0],[0,-15.71]],"v":[[37.061,-52.972],[15.509,-40.182],[15.509,-52.57],[10.675,-52.57],[10.675,19.537],[15.71,19.537],[15.71,-11.984],[37.061,0.403],[63.043,-26.285]],"c":true},"ix":2},"nm":"p","mn":"ADBE Vector Shape - Group","hd":false},{"ind":1,"ty":"sh","ix":2,"ks":{"a":0,"k":{"i":[[12.085,0],[0,13.193],[-12.085,0],[0,-13.193]],"o":[[-12.085,0],[0,-13.193],[12.085,0],[0,13.193]],"v":[[36.758,-4.129],[15.61,-26.285],[36.758,-48.441],[58.008,-26.285]],"c":true},"ix":2},"nm":"p","mn":"ADBE Vector Shape - Group","hd":false}],"nm":"p","np":5,"cix":2,"ix":1,"mn":"ADBE Vector Group","hd":false}]},"fFamily":"Montserrat"},{"ch":"n","size":138.199996948242,"style":"Light","w":67.3,"data":{"shapes":[{"ty":"gr","it":[{"ind":0,"ty":"sh","ix":1,"ks":{"a":0,"k":{"i":[[12.79,0],[3.525,-7.352],[0,0],[0,0],[0,0],[0,0],[0,0],[-12.387,0],[0,-11.884],[0,0],[0,0],[0,0]],"o":[[-9.97,0],[0,0],[0,0],[0,0],[0,0],[0,0],[0,-12.488],[10.675,0],[0,0],[0,0],[0,0],[0,-14.703]],"v":[[36.356,-52.972],[15.509,-41.19],[15.509,-52.57],[10.675,-52.57],[10.675,0],[15.71,0],[15.71,-27.997],[35.651,-48.441],[52.67,-30.313],[52.67,0],[57.706,0],[57.706,-30.716]],"c":true},"ix":2},"nm":"n","mn":"ADBE Vector Shape - Group","hd":false}],"nm":"n","np":3,"cix":2,"ix":1,"mn":"ADBE Vector Group","hd":false}]},"fFamily":"Montserrat"},{"ch":"z","size":138.199996948242,"style":"Light","w":50.3,"data":{"shapes":[{"ty":"gr","it":[{"ind":0,"ty":"sh","ix":1,"ks":{"a":0,"k":{"i":[[0,0],[0,0],[0,0],[0,0],[0,0],[0,0],[0,0],[0,0],[0,0],[0,0]],"o":[[0,0],[0,0],[0,0],[0,0],[0,0],[0,0],[0,0],[0,0],[0,0],[0,0]],"v":[[10.876,-4.33],[45.621,-49.146],[45.621,-52.57],[4.935,-52.57],[4.935,-48.239],[39.075,-48.239],[4.431,-3.424],[4.431,0],[46.225,0],[46.225,-4.33]],"c":true},"ix":2},"nm":"z","mn":"ADBE Vector Shape - Group","hd":false}],"nm":"z","np":3,"cix":2,"ix":1,"mn":"ADBE Vector Group","hd":false}]},"fFamily":"Montserrat"},{"ch":"g","size":138.199996948242,"style":"Light","w":68.2,"data":{"shapes":[{"ty":"gr","it":[{"ind":0,"ty":"sh","ix":1,"ks":{"a":0,"k":{"i":[[0,0],[0,0],[9.668,0],[0,-15.005],[-14.905,0],[-4.33,7.654],[0,0],[13.998,0],[5.237,4.834],[0,0],[-9.567,0],[0,17.624],[0,0]],"o":[[0,0],[-4.23,-7.855],[-14.905,0],[0,15.005],[9.467,0],[0,0],[0,13.998],[-8.459,0],[0,0],[5.338,5.338],[16.919,0],[0,0],[0,0]],"v":[[53.174,-52.57],[53.174,-40.686],[31.119,-52.972],[4.935,-27.493],[31.119,-1.913],[52.972,-13.898],[52.972,-5.035],[32.428,15.408],[11.179,7.755],[8.459,11.581],[32.529,19.94],[58.008,-5.64],[58.008,-52.57]],"c":true},"ix":2},"nm":"g","mn":"ADBE Vector Shape - Group","hd":false},{"ind":1,"ty":"sh","ix":2,"ks":{"a":0,"k":{"i":[[12.488,0],[0,12.387],[-12.387,0],[0,-12.387]],"o":[[-12.387,0],[0,-12.387],[12.488,0],[0,12.387]],"v":[[31.522,-6.445],[10.071,-27.493],[31.522,-48.441],[53.073,-27.493]],"c":true},"ix":2},"nm":"g","mn":"ADBE Vector Shape - Group","hd":false}],"nm":"g","np":5,"cix":2,"ix":1,"mn":"ADBE Vector Group","hd":false}]},"fFamily":"Montserrat"},{"ch":"s","size":138.199996948242,"style":"Light","w":47.8,"data":{"shapes":[{"ty":"gr","it":[{"ind":0,"ty":"sh","ix":1,"ks":{"a":0,"k":{"i":[[-8.661,0],[0,8.56],[0,15.811],[-10.272,0],[-4.431,-3.223],[0,0],[6.647,0],[0,-7.956],[0,-15.308],[11.078,0],[4.028,3.424],[0,0]],"o":[[13.394,0],[0,-20.041],[0,-5.64],[5.64,0],[0,0],[-4.129,-3.122],[-13.293,0],[0,20.645],[0,5.942],[-7.755,0],[0,0],[4.129,3.827]],"v":[[23.969,0.403],[44.714,-13.998],[9.869,-38.672],[24.673,-48.541],[40.485,-43.808],[42.801,-47.836],[24.774,-52.972],[4.834,-38.571],[39.679,-13.898],[24.17,-4.028],[5.237,-10.373],[2.921,-6.345]],"c":true},"ix":2},"nm":"s","mn":"ADBE Vector Shape - Group","hd":false}],"nm":"s","np":3,"cix":2,"ix":1,"mn":"ADBE Vector Group","hd":false}]},"fFamily":"Montserrat"},{"ch":"e","size":138.199996948242,"style":"Light","w":59.7,"data":{"shapes":[{"ty":"gr","it":[{"ind":0,"ty":"sh","ix":1,"ks":{"a":0,"k":{"i":[[0,0.403],[14.401,0],[0,-15.61],[-15.912,0],[-4.633,5.64],[0,0],[6.647,0],[0.504,12.488],[0,0]],"o":[[0,-15.61],[-14.401,0],[0,15.61],[7.956,0],[0,0],[-4.028,4.935],[-12.589,0],[0,0],[0,-0.504]],"v":[[55.188,-26.486],[30.112,-52.972],[4.935,-26.285],[32.025,0.403],[51.865,-8.157],[48.944,-11.481],[32.126,-4.129],[9.869,-25.076],[55.087,-25.076]],"c":true},"ix":2},"nm":"e","mn":"ADBE Vector Shape - Group","hd":false},{"ind":1,"ty":"sh","ix":2,"ks":{"a":0,"k":{"i":[[-11.179,0],[-0.705,-11.38],[0,0]],"o":[[11.179,0],[0,0],[0.806,-11.481]],"v":[[30.112,-48.541],[50.253,-29.004],[9.97,-29.004]],"c":true},"ix":2},"nm":"e","mn":"ADBE Vector Shape - Group","hd":false}],"nm":"e","np":5,"cix":2,"ix":1,"mn":"ADBE Vector Group","hd":false}]},"fFamily":"Montserrat"},{"ch":"r","size":138.199996948242,"style":"Light","w":38.5,"data":{"shapes":[{"ty":"gr","it":[{"ind":0,"ty":"sh","ix":1,"ks":{"a":0,"k":{"i":[[3.223,-7.654],[0,0],[0,0],[0,0],[0,0],[0,0],[-11.682,0],[-0.403,0],[0,0]],"o":[[0,0],[0,0],[0,0],[0,0],[0,0],[0,-12.991],[0.403,0],[0,0],[-9.869,0]],"v":[[15.509,-41.089],[15.509,-52.57],[10.675,-52.57],[10.675,0],[15.71,0],[15.71,-27.393],[34.341,-48.138],[35.55,-48.038],[35.55,-52.972]],"c":true},"ix":2},"nm":"r","mn":"ADBE Vector Shape - Group","hd":false}],"nm":"r","np":3,"cix":2,"ix":1,"mn":"ADBE Vector Group","hd":false}]},"fFamily":"Montserrat"},{"ch":"y","size":138.199996948242,"style":"Light","w":52.5,"data":{"shapes":[{"ty":"gr","it":[{"ind":0,"ty":"sh","ix":1,"ks":{"a":0,"k":{"i":[[0,0],[0,0],[0,0],[0,0],[0,0],[0,0],[4.834,0],[2.719,2.82],[0,0],[-4.733,0],[-4.23,9.668],[0,0]],"o":[[0,0],[0,0],[0,0],[0,0],[0,0],[-3.223,7.15],[-3.928,0],[0,0],[3.021,3.122],[6.949,0],[0,0],[0,0]],"v":[[47.736,-52.57],[26.688,-5.539],[5.64,-52.57],[0.302,-52.57],[23.969,-0.201],[21.149,6.143],[9.567,15.509],[-0.201,11.38],[-2.719,15.207],[9.467,19.94],[25.882,7.15],[52.872,-52.57]],"c":true},"ix":2},"nm":"y","mn":"ADBE Vector Shape - Group","hd":false}],"nm":"y","np":3,"cix":2,"ix":1,"mn":"ADBE Vector Group","hd":false}]},"fFamily":"Montserrat"},{"ch":"i","size":138.199996948242,"style":"Light","w":26.1,"data":{"shapes":[{"ty":"gr","it":[{"ind":0,"ty":"sh","ix":1,"ks":{"a":0,"k":{"i":[[-2.316,0],[0,2.316],[2.316,0],[0,-2.216]],"o":[[2.316,0],[0,-2.216],[-2.316,0],[0,2.216]],"v":[[13.193,-65.359],[17.322,-69.489],[13.193,-73.517],[9.064,-69.388]],"c":true},"ix":2},"nm":"i","mn":"ADBE Vector Shape - Group","hd":false},{"ind":1,"ty":"sh","ix":2,"ks":{"a":0,"k":{"i":[[0,0],[0,0],[0,0],[0,0]],"o":[[0,0],[0,0],[0,0],[0,0]],"v":[[10.675,0],[15.71,0],[15.71,-52.57],[10.675,-52.57]],"c":true},"ix":2},"nm":"i","mn":"ADBE Vector Shape - Group","hd":false}],"nm":"i","np":5,"cix":2,"ix":1,"mn":"ADBE Vector Group","hd":false}]},"fFamily":"Montserrat"},{"ch":"c","size":138.199996948242,"style":"Light","w":54.6,"data":{"shapes":[{"ty":"gr","it":[{"ind":0,"ty":"sh","ix":1,"ks":{"a":0,"k":{"i":[[-15.408,0],[-4.33,6.345],[0,0],[6.546,0],[0,13.293],[-12.387,0],[-3.827,-5.338],[0,0],[8.359,0],[0,-15.71]],"o":[[8.359,0],[0,0],[-3.827,5.338],[-12.387,0],[0,-13.293],[6.546,0],[0,0],[-4.33,-6.445],[-15.408,0],[0,15.61]],"v":[[31.522,0.403],[51.462,-9.265],[47.736,-11.984],[31.522,-4.129],[10.071,-26.285],[31.522,-48.441],[47.736,-40.585],[51.462,-43.304],[31.522,-52.972],[4.935,-26.285]],"c":true},"ix":2},"nm":"c","mn":"ADBE Vector Shape - Group","hd":false}],"nm":"c","np":3,"cix":2,"ix":1,"mn":"ADBE Vector Group","hd":false}]},"fFamily":"Montserrat"},{"ch":"C","size":138.199996948242,"style":"Light","w":70.1,"data":{"shapes":[{"ty":"gr","it":[{"ind":0,"ty":"sh","ix":1,"ks":{"a":0,"k":{"i":[[-20.947,0],[-6.143,6.546],[0,0],[8.258,0],[0,17.725],[-18.027,0],[-6.042,-5.942],[0,0],[9.97,0],[0,-20.544]],"o":[[9.97,0],[0,0],[-6.042,5.942],[-18.027,0],[0,-17.725],[8.258,0],[0,0],[-6.143,-6.546],[-20.947,0],[0,20.544]],"v":[[42.096,0.504],[67.172,-9.366],[63.95,-12.689],[42.297,-4.23],[10.675,-35.248],[42.297,-66.266],[63.95,-57.907],[67.172,-61.23],[42.096,-70.999],[5.539,-35.248]],"c":true},"ix":2},"nm":"C","mn":"ADBE Vector Shape - Group","hd":false}],"nm":"C","np":3,"cix":2,"ix":1,"mn":"ADBE Vector Group","hd":false}]},"fFamily":"Montserrat"},{"ch":"t","size":138.199996948242,"style":"Light","w":38.4,"data":{"shapes":[{"ty":"gr","it":[{"ind":0,"ty":"sh","ix":1,"ks":{"a":0,"k":{"i":[[0,0],[3.122,0],[0,6.747],[0,0],[0,0],[0,0],[0,0],[0,0],[0,0],[0,0],[0,0],[0,0],[0,0],[0,0],[-9.265,0],[-2.618,2.518]],"o":[[-2.115,1.913],[-6.445,0],[0,0],[0,0],[0,0],[0,0],[0,0],[0,0],[0,0],[0,0],[0,0],[0,0],[0,0],[0,8.862],[3.928,0],[0,0]],"v":[[34.644,-6.848],[26.486,-3.928],[16.718,-14.401],[16.718,-48.239],[33.435,-48.239],[33.435,-52.57],[16.718,-52.57],[16.718,-64.05],[11.682,-64.05],[11.682,-52.57],[2.014,-52.57],[2.014,-48.239],[11.682,-48.239],[11.682,-13.898],[25.983,0.403],[36.758,-3.323]],"c":true},"ix":2},"nm":"t","mn":"ADBE Vector Shape - Group","hd":false}],"nm":"t","np":3,"cix":2,"ix":1,"mn":"ADBE Vector Group","hd":false}]},"fFamily":"Montserrat"},{"ch":"_","size":138.199996948242,"style":"Light","w":50,"data":{"shapes":[{"ty":"gr","it":[{"ind":0,"ty":"sh","ix":1,"ks":{"a":0,"k":{"i":[[0,0],[0,0],[0,0],[0,0]],"o":[[0,0],[0,0],[0,0],[0,0]],"v":[[0,3.625],[50.354,3.625],[50.354,0],[0,0]],"c":true},"ix":2},"nm":"_","mn":"ADBE Vector Shape - Group","hd":false}],"nm":"_","np":3,"cix":2,"ix":1,"mn":"ADBE Vector Group","hd":false}]},"fFamily":"Montserrat"},{"ch":"H","size":138.199996948242,"style":"Light","w":81.4,"data":{"shapes":[{"ty":"gr","it":[{"ind":0,"ty":"sh","ix":1,"ks":{"a":0,"k":{"i":[[0,0],[0,0],[0,0],[0,0],[0,0],[0,0],[0,0],[0,0],[0,0],[0,0],[0,0],[0,0]],"o":[[0,0],[0,0],[0,0],[0,0],[0,0],[0,0],[0,0],[0,0],[0,0],[0,0],[0,0],[0,0]],"v":[[64.554,-70.496],[64.554,-38.068],[17.422,-38.068],[17.422,-70.496],[12.286,-70.496],[12.286,0],[17.422,0],[17.422,-33.536],[64.554,-33.536],[64.554,0],[69.69,0],[69.69,-70.496]],"c":true},"ix":2},"nm":"H","mn":"ADBE Vector Shape - Group","hd":false}],"nm":"H","np":3,"cix":2,"ix":1,"mn":"ADBE Vector Group","hd":false}]},"fFamily":"Montserrat"},{"ch":"f","size":138.199996948242,"style":"Light","w":32.8,"data":{"shapes":[{"ty":"gr","it":[{"ind":0,"ty":"sh","ix":1,"ks":{"a":0,"k":{"i":[[-6.546,0],[-2.115,-1.913],[0,0],[3.827,0],[0,-8.762],[0,0],[0,0],[0,0],[0,0],[0,0],[0,0],[0,0],[0,0],[0,0],[0,0],[0,0]],"o":[[3.122,0],[0,0],[-2.518,-2.316],[-9.366,0],[0,0],[0,0],[0,0],[0,0],[0,0],[0,0],[0,0],[0,0],[0,0],[0,0],[0,0],[0,-6.949]],"v":[[26.486,-70.798],[34.644,-67.877],[36.658,-71.704],[26.285,-75.128],[11.682,-60.626],[11.682,-52.57],[2.014,-52.57],[2.014,-48.239],[11.682,-48.239],[11.682,0],[16.718,0],[16.718,-48.239],[33.435,-48.239],[33.435,-52.57],[16.617,-52.57],[16.617,-60.223]],"c":true},"ix":2},"nm":"f","mn":"ADBE Vector Shape - Group","hd":false}],"nm":"f","np":3,"cix":2,"ix":1,"mn":"ADBE Vector Group","hd":false}]},"fFamily":"Montserrat"},{"ch":"N","size":138.199996948242,"style":"Light","w":81.4,"data":{"shapes":[{"ty":"gr","it":[{"ind":0,"ty":"sh","ix":1,"ks":{"a":0,"k":{"i":[[0,0],[0,0],[0,0],[0,0],[0,0],[0,0],[0,0],[0,0],[0,0],[0,0]],"o":[[0,0],[0,0],[0,0],[0,0],[0,0],[0,0],[0,0],[0,0],[0,0],[0,0]],"v":[[64.554,-70.496],[64.554,-9.265],[16.617,-70.496],[12.286,-70.496],[12.286,0],[17.422,0],[17.422,-61.23],[65.46,0],[69.69,0],[69.69,-70.496]],"c":true},"ix":2},"nm":"N","mn":"ADBE Vector Shape - Group","hd":false}],"nm":"N","np":3,"cix":2,"ix":1,"mn":"ADBE Vector Group","hd":false}]},"fFamily":"Montserrat"},{"ch":"k","size":138.199996948242,"style":"Light","w":58.8,"data":{"shapes":[{"ty":"gr","it":[{"ind":0,"ty":"sh","ix":1,"ks":{"a":0,"k":{"i":[[0,0],[0,0],[0,0],[0,0],[0,0],[0,0],[0,0],[0,0],[0,0],[0,0],[0,0],[0,0]],"o":[[0,0],[0,0],[0,0],[0,0],[0,0],[0,0],[0,0],[0,0],[0,0],[0,0],[0,0],[0,0]],"v":[[51.764,0],[58.008,0],[33.133,-31.32],[55.792,-52.57],[49.347,-52.57],[15.71,-21.854],[15.71,-74.725],[10.675,-74.725],[10.675,0],[15.71,0],[15.71,-15.61],[29.407,-28.098]],"c":true},"ix":2},"nm":"k","mn":"ADBE Vector Shape - Group","hd":false}],"nm":"k","np":3,"cix":2,"ix":1,"mn":"ADBE Vector Group","hd":false}]},"fFamily":"Montserrat"},{"ch":"V","size":138.199996948242,"style":"Light","w":68.7,"data":{"shapes":[{"ty":"gr","it":[{"ind":0,"ty":"sh","ix":1,"ks":{"a":0,"k":{"i":[[0,0],[0,0],[0,0],[0,0],[0,0],[0,0],[0,0]],"o":[[0,0],[0,0],[0,0],[0,0],[0,0],[0,0],[0,0]],"v":[[63.245,-70.496],[34.744,-6.647],[6.244,-70.496],[0.604,-70.496],[32.025,0],[37.161,0],[68.582,-70.496]],"c":true},"ix":2},"nm":"V","mn":"ADBE Vector Shape - Group","hd":false}],"nm":"V","np":3,"cix":2,"ix":1,"mn":"ADBE Vector Group","hd":false}]},"fFamily":"Montserrat"},{"ch":"D","size":138.199996948242,"style":"Light","w":82.6,"data":{"shapes":[{"ty":"gr","it":[{"ind":0,"ty":"sh","ix":1,"ks":{"a":0,"k":{"i":[[0,0],[0,0],[0,20.544],[22.357,0],[0,0]],"o":[[0,0],[22.357,0],[0,-20.544],[0,0],[0,0]],"v":[[12.286,0],[40.182,0],[77.646,-35.248],[40.182,-70.496],[12.286,-70.496]],"c":true},"ix":2},"nm":"D","mn":"ADBE Vector Shape - Group","hd":false},{"ind":1,"ty":"sh","ix":2,"ks":{"a":0,"k":{"i":[[0,0],[0,0],[0,0],[0,-17.926],[19.94,0]],"o":[[0,0],[0,0],[19.94,0],[0,17.926],[0,0]],"v":[[17.422,-4.633],[17.422,-65.863],[39.78,-65.863],[72.51,-35.248],[39.78,-4.633]],"c":true},"ix":2},"nm":"D","mn":"ADBE Vector Shape - Group","hd":false}],"nm":"D","np":5,"cix":2,"ix":1,"mn":"ADBE Vector Group","hd":false}]},"fFamily":"Montserrat"},{"ch":"A","size":138.199996948242,"style":"Light","w":71,"data":{"shapes":[{"ty":"gr","it":[{"ind":0,"ty":"sh","ix":1,"ks":{"a":0,"k":{"i":[[0,0],[0,0],[0,0],[0,0],[0,0],[0,0],[0,0],[0,0]],"o":[[0,0],[0,0],[0,0],[0,0],[0,0],[0,0],[0,0],[0,0]],"v":[[64.957,0],[70.496,0],[38.068,-70.496],[32.932,-70.496],[0.504,0],[6.042,0],[15.005,-19.839],[55.893,-19.839]],"c":true},"ix":2},"nm":"A","mn":"ADBE Vector Shape - Group","hd":false},{"ind":1,"ty":"sh","ix":2,"ks":{"a":0,"k":{"i":[[0,0],[0,0],[0,0]],"o":[[0,0],[0,0],[0,0]],"v":[[17.02,-24.17],[35.449,-64.856],[53.979,-24.17]],"c":true},"ix":2},"nm":"A","mn":"ADBE Vector Shape - Group","hd":false}],"nm":"A","np":5,"cix":2,"ix":1,"mn":"ADBE Vector Group","hd":false}]},"fFamily":"Montserrat"},{"ch":"O","size":138.199996948242,"style":"Light","w":83.8,"data":{"shapes":[{"ty":"gr","it":[{"ind":0,"ty":"sh","ix":1,"ks":{"a":0,"k":{"i":[[-21.048,0],[0,20.544],[20.947,0],[0,-20.444]],"o":[[20.947,0],[0,-20.544],[-21.048,0],[0,20.444]],"v":[[42.197,0.504],[78.854,-35.248],[42.197,-70.999],[5.539,-35.248]],"c":true},"ix":2},"nm":"O","mn":"ADBE Vector Shape - Group","hd":false},{"ind":1,"ty":"sh","ix":2,"ks":{"a":0,"k":{"i":[[17.926,0],[0,17.825],[-18.027,0],[0,-17.825]],"o":[[-18.027,0],[0,-17.825],[17.926,0],[0,17.825]],"v":[[42.197,-4.23],[10.675,-35.248],[42.197,-66.266],[73.618,-35.248]],"c":true},"ix":2},"nm":"O","mn":"ADBE Vector Shape - Group","hd":false}],"nm":"O","np":5,"cix":2,"ix":1,"mn":"ADBE Vector Group","hd":false}]},"fFamily":"Montserrat"},{"ch":"R","size":138.199996948242,"style":"Light","w":72,"data":{"shapes":[{"ty":"gr","it":[{"ind":0,"ty":"sh","ix":1,"ks":{"a":0,"k":{"i":[[0,0],[0,0],[0,11.179],[17.725,0],[0,0],[0,0],[0,0],[0,0],[0,0],[-2.216,0.302],[0,0]],"o":[[0,0],[10.474,-3.122],[0,-14.905],[0,0],[0,0],[0,0],[0,0],[0,0],[2.417,0],[0,0],[0,0]],"v":[[67.072,0],[49.448,-24.673],[65.964,-46.729],[37.564,-70.496],[12.286,-70.496],[12.286,0],[17.422,0],[17.422,-23.062],[37.564,-23.062],[44.412,-23.566],[61.23,0]],"c":true},"ix":2},"nm":"R","mn":"ADBE Vector Shape - Group","hd":false},{"ind":1,"ty":"sh","ix":2,"ks":{"a":0,"k":{"i":[[0,0],[0,0],[0,0],[0,-12.186],[15.106,0]],"o":[[0,0],[0,0],[15.106,0],[0,12.085],[0,0]],"v":[[17.422,-27.594],[17.422,-65.863],[37.564,-65.863],[60.727,-46.729],[37.564,-27.594]],"c":true},"ix":2},"nm":"R","mn":"ADBE Vector Shape - Group","hd":false}],"nm":"R","np":5,"cix":2,"ix":1,"mn":"ADBE Vector Group","hd":false}]},"fFamily":"Montserrat"},{"ch":"I","size":138.199996948242,"style":"Light","w":29.5,"data":{"shapes":[{"ty":"gr","it":[{"ind":0,"ty":"sh","ix":1,"ks":{"a":0,"k":{"i":[[0,0],[0,0],[0,0],[0,0]],"o":[[0,0],[0,0],[0,0],[0,0]],"v":[[12.286,0],[17.422,0],[17.422,-70.496],[12.286,-70.496]],"c":true},"ix":2},"nm":"I","mn":"ADBE Vector Shape - Group","hd":false}],"nm":"I","np":3,"cix":2,"ix":1,"mn":"ADBE Vector Group","hd":false}]},"fFamily":"Montserrat"},{"ch":"S","size":138.199996948242,"style":"Bold","w":63.8,"data":{"shapes":[{"ty":"gr","it":[{"ind":0,"ty":"sh","ix":1,"ks":{"a":0,"k":{"i":[[-11.179,0],[0,11.783],[0,12.991],[-9.668,0],[-6.546,-3.726],[0,0],[8.862,0],[0,-11.984],[0,-13.193],[9.668,0],[5.942,4.33],[0,0]],"o":[[20.142,0],[0,-25.882],[0,-4.431],[6.244,0],[0,0],[-6.546,-4.129],[-20.041,0],[0,26.184],[0,4.33],[-8.459,0],[0,0],[6.244,4.834]],"v":[[31.522,1.208],[61.432,-20.645],[20.444,-50.555],[33.838,-58.612],[53.375,-53.073],[58.411,-65.46],[33.939,-71.704],[4.23,-49.75],[45.218,-19.437],[31.622,-11.884],[8.359,-19.235],[2.82,-6.949]],"c":true},"ix":2},"nm":"S","mn":"ADBE Vector Shape - Group","hd":false}],"nm":"S","np":3,"cix":2,"ix":1,"mn":"ADBE Vector Group","hd":false}]},"fFamily":"Montserrat"},{"ch":"W","size":72.4000015258789,"style":"Ultra Light","w":99.8,"data":{"shapes":[{"ty":"gr","it":[{"ind":0,"ty":"sh","ix":1,"ks":{"a":0,"k":{"i":[[0,0],[0,0],[0,0],[0,0],[0,0],[0,0],[0,0],[0,0],[0,0],[0,0],[0,0],[0,0],[0,0]],"o":[[0,0],[0,0],[0,0],[0,0],[0,0],[0,0],[0,0],[0,0],[0,0],[0,0],[0,0],[0,0],[0,0]],"v":[[76.135,0],[99.902,-70.395],[95.37,-70.395],[74.121,-5.035],[52.67,-70.395],[48.239,-70.395],[26.889,-5.035],[5.539,-70.395],[0.806,-70.395],[24.573,0],[29.004,0],[50.455,-64.453],[71.805,0]],"c":true},"ix":2},"nm":"W","mn":"ADBE Vector Shape - Group","hd":false}],"nm":"W","np":3,"cix":2,"ix":1,"mn":"ADBE Vector Group","hd":false}]},"fFamily":"Montserrat"},{"ch":"i","size":72.4000015258789,"style":"Ultra Light","w":25,"data":{"shapes":[{"ty":"gr","it":[{"ind":0,"ty":"sh","ix":1,"ks":{"a":0,"k":{"i":[[1.913,0],[0,-2.014],[-1.913,0],[0,2.115]],"o":[[-1.913,0],[0,2.115],[1.913,0],[0,-2.014]],"v":[[12.589,-71.201],[9.064,-67.575],[12.589,-63.849],[16.113,-67.575]],"c":true},"ix":2},"nm":"i","mn":"ADBE Vector Shape - Group","hd":false},{"ind":1,"ty":"sh","ix":2,"ks":{"a":0,"k":{"i":[[0,0],[0,0],[0,0],[0,0]],"o":[[0,0],[0,0],[0,0],[0,0]],"v":[[14.603,0],[14.603,-52.469],[10.474,-52.469],[10.474,0]],"c":true},"ix":2},"nm":"i","mn":"ADBE Vector Shape - Group","hd":false}],"nm":"i","np":5,"cix":2,"ix":1,"mn":"ADBE Vector Group","hd":false}]},"fFamily":"Montserrat"},{"ch":"z","size":72.4000015258789,"style":"Ultra Light","w":51.6,"data":{"shapes":[{"ty":"gr","it":[{"ind":0,"ty":"sh","ix":1,"ks":{"a":0,"k":{"i":[[0,0],[0,0],[0,0],[0,0],[0,0],[0,0],[0,0],[0,0],[0,0],[0,0]],"o":[[0,0],[0,0],[0,0],[0,0],[0,0],[0,0],[0,0],[0,0],[0,0],[0,0]],"v":[[46.426,-48.541],[46.426,-52.368],[6.747,-52.469],[6.747,-48.541],[41.693,-48.541],[5.841,-3.827],[5.841,0],[47.131,0.101],[47.131,-3.726],[10.574,-3.827]],"c":true},"ix":2},"nm":"z","mn":"ADBE Vector Shape - Group","hd":false}],"nm":"z","np":3,"cix":2,"ix":1,"mn":"ADBE Vector Group","hd":false}]},"fFamily":"Montserrat"},{"ch":"e","size":72.4000015258789,"style":"Ultra Light","w":58.9,"data":{"shapes":[{"ty":"gr","it":[{"ind":0,"ty":"sh","ix":1,"ks":{"a":0,"k":{"i":[[15.408,0],[0,-15.408],[-14.804,0],[-4.834,5.237],[0,0],[7.15,0],[0.604,12.79],[0,0]],"o":[[-14.804,0],[0,15.408],[8.359,0],[0,0],[-4.23,4.633],[-12.186,0],[0,0],[0.302,-16.214]],"v":[[30.414,-52.57],[4.834,-26.184],[30.414,0.101],[50.757,-8.258],[48.34,-10.977],[30.615,-3.726],[8.963,-25.076],[54.785,-25.076]],"c":true},"ix":2},"nm":"e","mn":"ADBE Vector Shape - Group","hd":false},{"ind":1,"ty":"sh","ix":2,"ks":{"a":0,"k":{"i":[[0,0],[-11.783,0],[-0.806,-11.884]],"o":[[1.007,-11.884],[11.984,0],[0,0]],"v":[[9.064,-28.802],[30.414,-48.743],[50.958,-28.802]],"c":true},"ix":2},"nm":"e","mn":"ADBE Vector Shape - Group","hd":false}],"nm":"e","np":5,"cix":2,"ix":1,"mn":"ADBE Vector Group","hd":false}]},"fFamily":"Montserrat"},{"ch":"o","size":72.4000015258789,"style":"Ultra Light","w":61,"data":{"shapes":[{"ty":"gr","it":[{"ind":0,"ty":"sh","ix":1,"ks":{"a":0,"k":{"i":[[15.005,0],[0,-15.308],[-14.905,0],[0,15.509]],"o":[[-14.905,0],[0,15.509],[15.005,0],[0,-15.308]],"v":[[30.716,-52.57],[4.834,-26.285],[30.716,0.101],[56.598,-26.285]],"c":true},"ix":2},"nm":"o","mn":"ADBE Vector Shape - Group","hd":false},{"ind":1,"ty":"sh","ix":2,"ks":{"a":0,"k":{"i":[[-12.589,0],[0,-13.193],[12.689,0],[0,13.193]],"o":[[12.689,0],[0,13.193],[-12.589,0],[0,-13.193]],"v":[[30.716,-48.541],[52.469,-26.184],[30.716,-3.827],[8.963,-26.184]],"c":true},"ix":2},"nm":"o","mn":"ADBE Vector Shape - Group","hd":false}],"nm":"o","np":5,"cix":2,"ix":1,"mn":"ADBE Vector Group","hd":false}]},"fFamily":"Montserrat"},{"ch":"c","size":72.4000015258789,"style":"Ultra Light","w":53.1,"data":{"shapes":[{"ty":"gr","it":[{"ind":0,"ty":"sh","ix":1,"ks":{"a":0,"k":{"i":[[7.553,0],[0,-15.408],[-14.804,0],[-4.633,5.438],[0,0],[7.05,0],[0,13.293],[-12.589,0],[-4.23,-3.928],[0,0]],"o":[[-14.804,0],[0,15.408],[8.157,0],[0,0],[-4.028,4.733],[-12.589,0],[0,-13.092],[6.546,0],[0,0],[-4.633,-4.633]],"v":[[30.515,-52.57],[4.834,-26.184],[30.515,0.101],[50.253,-8.459],[47.736,-11.179],[30.615,-3.827],[8.963,-26.285],[30.615,-48.541],[46.829,-42.197],[49.246,-45.218]],"c":true},"ix":2},"nm":"c","mn":"ADBE Vector Shape - Group","hd":false}],"nm":"c","np":3,"cix":2,"ix":1,"mn":"ADBE Vector Group","hd":false}]},"fFamily":"Montserrat"},{"ch":"x","size":72.4000015258789,"style":"Ultra Light","w":50.3,"data":{"shapes":[{"ty":"gr","it":[{"ind":0,"ty":"sh","ix":1,"ks":{"a":0,"k":{"i":[[0,0],[0,0],[0,0],[0,0],[0,0],[0,0],[0,0],[0,0],[0,0],[0,0],[0,0],[0,0]],"o":[[0,0],[0,0],[0,0],[0,0],[0,0],[0,0],[0,0],[0,0],[0,0],[0,0],[0,0],[0,0]],"v":[[25.278,-30.212],[9.064,-52.469],[4.23,-52.469],[22.559,-27.09],[2.719,0],[7.553,0],[25.177,-23.868],[42.7,0],[47.534,0],[27.896,-27.09],[46.225,-52.469],[41.492,-52.469]],"c":true},"ix":2},"nm":"x","mn":"ADBE Vector Shape - Group","hd":false}],"nm":"x","np":3,"cix":2,"ix":1,"mn":"ADBE Vector Group","hd":false}]},"fFamily":"Montserrat"},{"ch":"b","size":72.4000015258789,"style":"Ultra Light","w":67.1,"data":{"shapes":[{"ty":"gr","it":[{"ind":0,"ty":"sh","ix":1,"ks":{"a":0,"k":{"i":[[14.703,0],[3.928,-8.56],[0,0],[0,0],[0,0],[0,0],[0,0],[-10.272,0],[0,15.308]],"o":[[-10.272,0],[0,0],[0,0],[0,0],[0,0],[0,0],[3.928,8.459],[14.804,0],[0,-15.408]],"v":[[37.463,-52.57],[15.207,-38.672],[15.207,-74.725],[10.977,-74.725],[10.977,0],[15.207,0],[15.207,-13.696],[37.463,0.101],[62.741,-26.184]],"c":true},"ix":2},"nm":"b","mn":"ADBE Vector Shape - Group","hd":false},{"ind":1,"ty":"sh","ix":2,"ks":{"a":0,"k":{"i":[[12.689,0],[0,12.991],[-12.589,0],[0,-12.991]],"o":[[-12.589,0],[0,-12.991],[12.689,0],[0,12.991]],"v":[[36.859,-3.827],[15.207,-26.184],[36.859,-48.642],[58.612,-26.184]],"c":true},"ix":2},"nm":"b","mn":"ADBE Vector Shape - Group","hd":false}],"nm":"b","np":5,"cix":2,"ix":1,"mn":"ADBE Vector Group","hd":false}]},"fFamily":"Montserrat"},{"ch":"s","size":72.4000015258789,"style":"Ultra Light","w":43.7,"data":{"shapes":[{"ty":"gr","it":[{"ind":0,"ty":"sh","ix":1,"ks":{"a":0,"k":{"i":[[5.841,0],[0,-9.164],[0.403,-14.804],[7.352,0],[4.532,4.23],[0,0],[-7.352,0],[0,9.769],[0,14.099],[-7.352,0],[-3.625,-2.316],[0,0]],"o":[[-9.265,0],[0,18.027],[-0.302,6.647],[-6.647,0],[0,0],[4.834,4.633],[9.467,0],[0,-18.53],[0,-6.244],[5.035,0],[0,0],[-4.129,-2.518]],"v":[[22.861,-52.57],[5.64,-39.377],[36.255,-13.293],[22.256,-3.726],[4.733,-10.373],[2.82,-7.15],[22.055,0.101],[40.283,-13.998],[9.668,-39.679],[22.76,-48.743],[36.053,-45.016],[37.866,-48.441]],"c":true},"ix":2},"nm":"s","mn":"ADBE Vector Shape - Group","hd":false}],"nm":"s","np":3,"cix":2,"ix":1,"mn":"ADBE Vector Group","hd":false}]},"fFamily":"Montserrat"},{"ch":"h","size":72.4000015258789,"style":"Ultra Light","w":65.4,"data":{"shapes":[{"ty":"gr","it":[{"ind":0,"ty":"sh","ix":1,"ks":{"a":0,"k":{"i":[[12.79,0],[3.525,-8.862],[0,0],[0,0],[0,0],[0,0],[0,0],[-12.991,0.302],[0,-10.776],[0,0],[0,0],[0,0]],"o":[[-10.574,0.201],[0,0],[0,0],[0,0],[0,0],[0,0],[0,-13.696],[10.776,0],[0,0],[0,0],[0,0],[0,-12.79]],"v":[[36.758,-52.57],[15.207,-38.773],[15.207,-74.725],[10.977,-74.725],[10.977,0],[15.207,0],[15.207,-25.681],[35.751,-48.34],[52.872,-31.219],[52.872,0],[57.101,0],[57.101,-32.025]],"c":true},"ix":2},"nm":"h","mn":"ADBE Vector Shape - Group","hd":false}],"nm":"h","np":3,"cix":2,"ix":1,"mn":"ADBE Vector Group","hd":false}]},"fFamily":"Montserrat"},{"ch":"k","size":72.4000015258789,"style":"Ultra Light","w":55.1,"data":{"shapes":[{"ty":"gr","it":[{"ind":0,"ty":"sh","ix":1,"ks":{"a":0,"k":{"i":[[0,0],[0,0],[0,0],[0,0],[0,0],[0,0],[0,0],[0,0],[0,0],[0,0],[0,0],[0,0]],"o":[[0,0],[0,0],[0,0],[0,0],[0,0],[0,0],[0,0],[0,0],[0,0],[0,0],[0,0],[0,0]],"v":[[28.5,-29.105],[49.146,0],[53.979,0],[31.522,-32.126],[51.361,-52.469],[46.225,-52.469],[15.207,-21.451],[15.207,-74.725],[10.977,-74.725],[10.977,0],[15.207,0],[15.207,-15.408]],"c":true},"ix":2},"nm":"k","mn":"ADBE Vector Shape - Group","hd":false}],"nm":"k","np":3,"cix":2,"ix":1,"mn":"ADBE Vector Group","hd":false}]},"fFamily":"Montserrat"},{"ch":"l","size":72.4000015258789,"style":"Ultra Light","w":26,"data":{"shapes":[{"ty":"gr","it":[{"ind":0,"ty":"sh","ix":1,"ks":{"a":0,"k":{"i":[[0,0],[0,0],[0,0],[0,0]],"o":[[0,0],[0,0],[0,0],[0,0]],"v":[[15.207,0],[15.207,-74.725],[10.977,-74.725],[10.977,0]],"c":true},"ix":2},"nm":"l","mn":"ADBE Vector Shape - Group","hd":false}],"nm":"l","np":3,"cix":2,"ix":1,"mn":"ADBE Vector Group","hd":false}]},"fFamily":"Montserrat"},{"ch":"a","size":72.4000015258789,"style":"Ultra Light","w":56.7,"data":{"shapes":[{"ty":"gr","it":[{"ind":0,"ty":"sh","ix":1,"ks":{"a":0,"k":{"i":[[0,0],[0,0],[0,0],[12.387,0],[6.244,-4.532],[0,0],[-6.546,0],[-0.101,-8.862],[0,0],[0,0],[0,-8.762],[-10.373,0],[-4.431,7.251]],"o":[[0,0],[0,0],[-0.101,-10.876],[-7.956,0],[0,0],[5.539,-4.23],[10.474,0],[0,0],[0,0],[-12.085,0],[0,8.862],[9.064,0],[0,0]],"v":[[44.211,0],[48.34,0],[48.138,-34.845],[28.903,-52.57],[8.661,-45.117],[10.675,-41.895],[28.299,-48.743],[44.009,-34.543],[44.009,-29.407],[25.378,-29.407],[5.841,-15.308],[23.163,0.101],[44.11,-10.373]],"c":true},"ix":2},"nm":"a","mn":"ADBE Vector Shape - Group","hd":false},{"ind":1,"ty":"sh","ix":2,"ks":{"a":0,"k":{"i":[[9.769,0],[0,6.949],[-10.272,0],[0,0],[0,0]],"o":[[-8.56,0],[0,-6.747],[0,0],[0,0],[-3.223,9.164]],"v":[[23.767,-3.726],[9.869,-15.408],[25.781,-25.681],[44.11,-25.681],[44.11,-17.12]],"c":true},"ix":2},"nm":"a","mn":"ADBE Vector Shape - Group","hd":false}],"nm":"a","np":5,"cix":2,"ix":1,"mn":"ADBE Vector Group","hd":false}]},"fFamily":"Montserrat"},{"ch":"d","size":72.4000015258789,"style":"Ultra Light","w":67.5,"data":{"shapes":[{"ty":"gr","it":[{"ind":0,"ty":"sh","ix":1,"ks":{"a":0,"k":{"i":[[0,0],[0,0],[0,0],[10.373,0],[0,-15.509],[-14.905,0],[-3.928,8.661],[0,0],[0,0]],"o":[[0,0],[0,0],[-3.928,-8.661],[-14.804,0],[0,15.408],[10.272,0],[0,0],[0,0],[0,0]],"v":[[57.001,-74.725],[52.771,-74.725],[52.771,-38.773],[30.313,-52.771],[4.834,-26.184],[30.414,0.302],[52.771,-13.696],[52.771,0],[57.001,0]],"c":true},"ix":2},"nm":"d","mn":"ADBE Vector Shape - Group","hd":false},{"ind":1,"ty":"sh","ix":2,"ks":{"a":0,"k":{"i":[[12.689,0],[0.101,13.092],[-12.689,0],[0,-13.092]],"o":[[-12.79,0],[0.101,-12.991],[12.689,0],[0,13.092]],"v":[[30.917,-3.625],[8.963,-26.184],[30.917,-48.743],[52.771,-26.184]],"c":true},"ix":2},"nm":"d","mn":"ADBE Vector Shape - Group","hd":false}],"nm":"d","np":5,"cix":2,"ix":1,"mn":"ADBE Vector Group","hd":false}]},"fFamily":"Montserrat"},{"ch":"V","size":72.4000015258789,"style":"Ultra Light","w":64,"data":{"shapes":[{"ty":"gr","it":[{"ind":0,"ty":"sh","ix":1,"ks":{"a":0,"k":{"i":[[0,0],[0,0],[0,0],[0,0],[0,0],[0,0],[0,0]],"o":[[0,0],[0,0],[0,0],[0,0],[0,0],[0,0],[0,0]],"v":[[34.442,0],[63.647,-70.395],[59.015,-70.395],[32.227,-5.035],[5.539,-70.395],[0.806,-70.395],[30.011,0]],"c":true},"ix":2},"nm":"V","mn":"ADBE Vector Shape - Group","hd":false}],"nm":"V","np":3,"cix":2,"ix":1,"mn":"ADBE Vector Group","hd":false}]},"fFamily":"Montserrat"},{"ch":"u","size":72.4000015258789,"style":"Ultra Light","w":64.1,"data":{"shapes":[{"ty":"gr","it":[{"ind":0,"ty":"sh","ix":1,"ks":{"a":0,"k":{"i":[[0,0],[0,0],[0,0],[12.689,-0.302],[0,10.776],[0,0],[0,0],[0,0],[-12.689,0],[-3.323,9.064],[0,0],[0,0]],"o":[[0,0],[0,0],[0,13.696],[-10.574,0],[0,0],[0,0],[0,0],[0,12.891],[10.373,-0.101],[0,0],[0,0],[0,0]],"v":[[53.979,-52.469],[49.85,-52.469],[49.85,-26.788],[29.709,-4.129],[12.891,-21.249],[12.891,-52.469],[8.762,-52.469],[8.762,-20.444],[28.802,0.101],[49.85,-13.998],[49.85,0],[53.979,0]],"c":true},"ix":2},"nm":"u","mn":"ADBE Vector Shape - Group","hd":false}],"nm":"u","np":3,"cix":2,"ix":1,"mn":"ADBE Vector Group","hd":false}]},"fFamily":"Montserrat"},{"ch":"f","size":72.4000015258789,"style":"Ultra Light","w":31.5,"data":{"shapes":[{"ty":"gr","it":[{"ind":0,"ty":"sh","ix":1,"ks":{"a":0,"k":{"i":[[-6.445,-0.101],[-2.518,-1.913],[0,0],[3.827,0],[0,-10.172],[0,0],[0,0],[0,0],[0,0],[0,0],[0,0],[0,0],[0,0],[0,0],[0,0],[0,0]],"o":[[3.021,0],[0,0],[-2.921,-2.316],[-8.359,-0.101],[0,0],[0,0],[0,0],[0,0],[0,0],[0,0],[0,0],[0,0],[0,0],[0,0],[0,0],[0,-7.452]],"v":[[27.191,-70.798],[35.852,-67.676],[37.766,-71.1],[27.09,-74.826],[11.581,-58.008],[11.581,-51.16],[4.935,-51.16],[4.935,-47.534],[11.581,-47.534],[11.581,0],[15.71,0],[15.71,-47.534],[31.924,-47.534],[31.924,-51.16],[15.71,-51.16],[15.71,-58.31]],"c":true},"ix":2},"nm":"f","mn":"ADBE Vector Shape - Group","hd":false}],"nm":"f","np":3,"cix":2,"ix":1,"mn":"ADBE Vector Group","hd":false}]},"fFamily":"Montserrat"},{"ch":"X","size":72.4000015258789,"style":"Ultra Light","w":63.8,"data":{"shapes":[{"ty":"gr","it":[{"ind":0,"ty":"sh","ix":1,"ks":{"a":0,"k":{"i":[[0,0],[0,0],[0,0],[0,0],[0,0],[0,0],[0,0],[0,0],[0,0],[0,0],[0,0],[0,0]],"o":[[0,0],[0,0],[0,0],[0,0],[0,0],[0,0],[0,0],[0,0],[0,0],[0,0],[0,0],[0,0]],"v":[[34.241,-36.557],[58.511,-70.395],[53.577,-70.395],[31.622,-40.082],[9.769,-70.395],[4.834,-70.395],[29.105,-36.356],[2.921,0],[7.855,0],[31.622,-32.831],[55.389,0],[60.425,0]],"c":true},"ix":2},"nm":"X","mn":"ADBE Vector Shape - Group","hd":false}],"nm":"X","np":3,"cix":2,"ix":1,"mn":"ADBE Vector Group","hd":false}]},"fFamily":"Montserrat"},{"ch":"B","size":72.4000015258789,"style":"Ultra Light","w":72.5,"data":{"shapes":[{"ty":"gr","it":[{"ind":0,"ty":"sh","ix":1,"ks":{"a":0,"k":{"i":[[0,0],[0,0],[0,0],[0,11.984],[10.776,1.309],[0,8.661],[13.797,0]],"o":[[0,0],[0,0],[16.013,0],[0,-9.869],[8.661,-1.611],[0,-10.977],[0,0]],"v":[[12.085,-70.395],[12.085,0],[41.089,0],[66.367,-18.933],[49.246,-36.758],[62.842,-52.972],[40.887,-70.395]],"c":true},"ix":2},"nm":"B","mn":"ADBE Vector Shape - Group","hd":false},{"ind":1,"ty":"sh","ix":2,"ks":{"a":0,"k":{"i":[[0,0],[0,0],[0,-8.762],[11.279,0],[0,0]],"o":[[0,0],[11.279,0],[0,8.963],[0,0],[0,0]],"v":[[16.315,-66.266],[40.787,-66.266],[58.612,-52.469],[40.787,-38.47],[16.315,-38.47]],"c":true},"ix":2},"nm":"B","mn":"ADBE Vector Shape - Group","hd":false},{"ind":2,"ty":"sh","ix":3,"ks":{"a":0,"k":{"i":[[0,0],[0,0],[0,-9.467],[13.596,0],[0,0]],"o":[[0,0],[13.596,0],[0,9.769],[0,0],[0,0]],"v":[[16.315,-34.341],[40.787,-34.341],[62.137,-19.437],[40.787,-4.129],[16.315,-4.129]],"c":true},"ix":2},"nm":"B","mn":"ADBE Vector Shape - Group","hd":false}],"nm":"B","np":6,"cix":2,"ix":1,"mn":"ADBE Vector Group","hd":false}]},"fFamily":"Montserrat"},{"ch":"D","size":72.4000015258789,"style":"Ultra Light","w":80.3,"data":{"shapes":[{"ty":"gr","it":[{"ind":0,"ty":"sh","ix":1,"ks":{"a":0,"k":{"i":[[0,0],[0,0],[0,0],[0,19.537],[20.041,0]],"o":[[0,0],[0,0],[20.142,0],[0,-19.739],[0,0]],"v":[[12.085,-70.395],[12.085,0],[39.981,0],[76.236,-35.147],[40.082,-70.395]],"c":true},"ix":2},"nm":"D","mn":"ADBE Vector Shape - Group","hd":false},{"ind":1,"ty":"sh","ix":2,"ks":{"a":0,"k":{"i":[[0,0],[0,0],[0,-17.322],[17.624,0],[0,0]],"o":[[0,0],[17.725,0],[0,17.221],[0,0],[0,0]],"v":[[16.315,-66.266],[39.981,-66.266],[71.906,-35.147],[40.082,-4.129],[16.315,-4.129]],"c":true},"ix":2},"nm":"D","mn":"ADBE Vector Shape - Group","hd":false}],"nm":"D","np":5,"cix":2,"ix":1,"mn":"ADBE Vector Group","hd":false}]},"fFamily":"Montserrat"},{"ch":"G","size":72.4000015258789,"style":"Ultra Light","w":75.8,"data":{"shapes":[{"ty":"gr","it":[{"ind":0,"ty":"sh","ix":1,"ks":{"a":0,"k":{"i":[[0,0],[0,0],[7.755,0],[0,17.322],[-17.825,0],[-5.841,-5.237],[0,0],[9.467,0],[0,-19.537],[-20.041,0],[-6.546,5.64],[0,0]],"o":[[0,0],[-5.74,4.532],[-17.825,0],[0,-17.221],[8.459,0],[0,0],[-6.546,-5.74],[-20.142,0],[0,19.537],[9.366,0],[0,0],[0,0]],"v":[[62.137,-34.543],[62.137,-11.179],[41.19,-3.928],[8.862,-35.248],[41.19,-66.467],[63.446,-58.109],[65.964,-61.23],[41.19,-70.496],[4.633,-35.248],[40.988,0.101],[65.964,-9.064],[65.964,-34.543]],"c":true},"ix":2},"nm":"G","mn":"ADBE Vector Shape - Group","hd":false}],"nm":"G","np":3,"cix":2,"ix":1,"mn":"ADBE Vector Group","hd":false}]},"fFamily":"Montserrat"},{"ch":"J","size":72.4000015258789,"style":"Ultra Light","w":46.1,"data":{"shapes":[{"ty":"gr","it":[{"ind":0,"ty":"sh","ix":1,"ks":{"a":0,"k":{"i":[[0,0],[0,0],[0,0],[0,0],[0,0],[9.064,0],[4.23,5.74],[0,0],[-7.251,0],[0,13.193]],"o":[[0,0],[0,0],[0,0],[0,0],[0,10.474],[-6.042,0],[0,0],[4.633,6.345],[11.682,0],[0,0]],"v":[[36.758,-70.395],[6.647,-70.395],[6.647,-66.266],[32.529,-66.266],[32.529,-20.444],[18.43,-4.23],[2.518,-13.092],[0.201,-9.769],[18.43,0.101],[36.758,-20.343]],"c":true},"ix":2},"nm":"J","mn":"ADBE Vector Shape - Group","hd":false}],"nm":"J","np":3,"cix":2,"ix":1,"mn":"ADBE Vector Group","hd":false}]},"fFamily":"Montserrat"}]}