{"v":"5.1.4","fr":25,"ip":0,"op":51,"w":1200,"h":300,"nm":"blockchain","ddd":0,"assets":[],"fonts":{"list":[{"fName":"Montserrat-UltraLight","fFamily":"Montserrat","fStyle":"Ultra Light","ascent":74.1989135742188},{"fName":"Montserrat-Light","fFamily":"Montserrat","fStyle":"Light","ascent":74.1989135742188},{"fName":"Montserrat-SemiBold","fFamily":"Montserrat","fStyle":"SemiBold","ascent":74.1989135742188}]},"layers":[{"ddd":0,"ind":1,"ty":4,"nm":"Shape Layer 1","sr":1,"ks":{"o":{"a":0,"k":100,"ix":11},"r":{"a":0,"k":0,"ix":10},"p":{"a":0,"k":[600,150,0],"ix":2},"a":{"a":0,"k":[0,0,0],"ix":1},"s":{"a":0,"k":[100,100,100],"ix":6}},"ao":0,"shapes":[{"ty":"gr","it":[{"ind":0,"ty":"sh","ix":1,"ks":{"a":0,"k":{"i":[[0,0],[0,0]],"o":[[0,0],[0,0]],"v":[[-36,-8],[577.25,-8]],"c":false},"ix":2},"nm":"Path 1","mn":"ADBE Vector Shape - Group","hd":false},{"ty":"tm","s":{"a":1,"k":[{"i":{"x":[0.833],"y":[0.833]},"o":{"x":[0.167],"y":[0.167]},"n":["0p833_0p833_0p167_0p167"],"t":1,"s":[0],"e":[16.918]},{"i":{"x":[0.833],"y":[0.833]},"o":{"x":[0.167],"y":[0.167]},"n":["0p833_0p833_0p167_0p167"],"t":3.667,"s":[16.918],"e":[37.055]},{"i":{"x":[0.833],"y":[0.833]},"o":{"x":[0.167],"y":[0.167]},"n":["0p833_0p833_0p167_0p167"],"t":5.333,"s":[37.055],"e":[65]},{"i":{"x":[0.833],"y":[0.833]},"o":{"x":[0.167],"y":[0.167]},"n":["0p833_0p833_0p167_0p167"],"t":9.5,"s":[65],"e":[77.4]},{"i":{"x":[0.833],"y":[0.833]},"o":{"x":[0.167],"y":[0.167]},"n":["0p833_0p833_0p167_0p167"],"t":11.167,"s":[77.4],"e":[100]},{"t":12}],"ix":1},"e":{"a":1,"k":[{"i":{"x":[0.833],"y":[0.833]},"o":{"x":[0.167],"y":[0.167]},"n":["0p833_0p833_0p167_0p167"],"t":1,"s":[0],"e":[100]},{"t":4}],"ix":2},"o":{"a":0,"k":0,"ix":3},"m":1,"ix":2,"nm":"Trim Paths 1","mn":"ADBE Vector Filter - Trim","hd":false},{"ty":"st","c":{"a":0,"k":[0.141176470588,0.61568627451,0.780392156863,1],"ix":3},"o":{"a":0,"k":100,"ix":4},"w":{"a":0,"k":3,"ix":5},"lc":1,"lj":1,"ml":4,"nm":"Stroke 1","mn":"ADBE Vector Graphic - Stroke","hd":false},{"ty":"tr","p":{"a":0,"k":[0,0],"ix":2},"a":{"a":0,"k":[0,0],"ix":1},"s":{"a":0,"k":[100,100],"ix":3},"r":{"a":0,"k":0,"ix":6},"o":{"a":0,"k":100,"ix":7},"sk":{"a":0,"k":0,"ix":4},"sa":{"a":0,"k":0,"ix":5},"nm":"Transform"}],"nm":"Shape 2","np":4,"cix":2,"ix":1,"mn":"ADBE Vector Group","hd":false},{"ty":"gr","it":[{"ind":0,"ty":"sh","ix":1,"ks":{"a":0,"k":{"i":[[0,0],[0,0]],"o":[[0,0],[0,0]],"v":[[272.5,107],[577.75,107]],"c":false},"ix":2},"nm":"Path 1","mn":"ADBE Vector Shape - Group","hd":false},{"ty":"tm","s":{"a":1,"k":[{"i":{"x":[0.833],"y":[0.833]},"o":{"x":[0.167],"y":[0.167]},"n":["0p833_0p833_0p167_0p167"],"t":2,"s":[0],"e":[65]},{"i":{"x":[0.833],"y":[0.833]},"o":{"x":[0.167],"y":[0.167]},"n":["0p833_0p833_0p167_0p167"],"t":8,"s":[65],"e":[89.745]},{"i":{"x":[0.833],"y":[0.833]},"o":{"x":[0.167],"y":[0.167]},"n":["0p833_0p833_0p167_0p167"],"t":12,"s":[89.745],"e":[100]},{"t":13}],"ix":1},"e":{"a":1,"k":[{"i":{"x":[0.833],"y":[0.833]},"o":{"x":[0.167],"y":[0.167]},"n":["0p833_0p833_0p167_0p167"],"t":1,"s":[0],"e":[100]},{"t":4}],"ix":2},"o":{"a":0,"k":0,"ix":3},"m":1,"ix":2,"nm":"Trim Paths 1","mn":"ADBE Vector Filter - Trim","hd":false},{"ty":"st","c":{"a":0,"k":[0.141176470588,0.61568627451,0.780392156863,1],"ix":3},"o":{"a":0,"k":100,"ix":4},"w":{"a":0,"k":3,"ix":5},"lc":1,"lj":1,"ml":4,"nm":"Stroke 1","mn":"ADBE Vector Graphic - Stroke","hd":false},{"ty":"tr","p":{"a":0,"k":[0,0],"ix":2},"a":{"a":0,"k":[0,0],"ix":1},"s":{"a":0,"k":[100,100],"ix":3},"r":{"a":0,"k":0,"ix":6},"o":{"a":0,"k":100,"ix":7},"sk":{"a":0,"k":0,"ix":4},"sa":{"a":0,"k":0,"ix":5},"nm":"Transform"}],"nm":"Shape 1","np":4,"cix":2,"ix":2,"mn":"ADBE Vector Group","hd":false}],"ip":1,"op":16,"st":2,"bm":0},{"ddd":0,"ind":3,"ty":5,"nm":"B","sr":1,"ks":{"o":{"a":1,"k":[{"t":0,"s":[0],"h":1},{"t":18,"s":[100],"h":1}],"ix":11},"r":{"a":0,"k":0,"ix":10},"p":{"a":0,"k":[363.925,86.488,0],"ix":2},"a":{"a":0,"k":[-13.814,-53.512,0],"ix":1},"s":{"a":0,"k":[100,100,100],"ix":6}},"ao":0,"t":{"d":{"k":[{"s":{"s":144,"f":"Montserrat-SemiBold","t":"B","j":0,"tr":0,"lh":172.8,"ls":0,"fc":[0.14,0.61,0.78]},"t":0}]},"p":{},"m":{"g":1,"a":{"a":0,"k":[0,0],"ix":2}},"a":[]},"ip":0,"op":112,"st":0,"bm":0},{"ddd":0,"ind":4,"ty":5,"nm":"K","sr":1,"ks":{"o":{"a":1,"k":[{"t":0,"s":[0],"h":1},{"t":1,"s":[100],"h":1}],"ix":11},"r":{"a":0,"k":0,"ix":10},"p":{"a":0,"k":[365.925,86.488,0],"ix":2},"a":{"a":0,"k":[-13.814,-53.512,0],"ix":1},"s":{"a":0,"k":[100,100,100],"ix":6}},"ao":0,"t":{"d":{"k":[{"s":{"s":144,"f":"Montserrat-Light","t":"K","j":0,"tr":0,"lh":172.8,"ls":0,"fc":[0.14,0.61,0.78]},"t":0}]},"p":{},"m":{"g":1,"a":{"a":0,"k":[0,0],"ix":2}},"a":[]},"ip":0,"op":2,"st":0,"bm":0},{"ddd":0,"ind":5,"ty":5,"nm":"S","sr":1,"ks":{"o":{"a":1,"k":[{"t":0,"s":[0],"h":1},{"t":2,"s":[100],"h":1}],"ix":11},"r":{"a":0,"k":0,"ix":10},"p":{"a":0,"k":[365.925,86.488,0],"ix":2},"a":{"a":0,"k":[-13.814,-53.512,0],"ix":1},"s":{"a":0,"k":[100,100,100],"ix":6}},"ao":0,"t":{"d":{"k":[{"s":{"s":144,"f":"Montserrat-Light","t":"S","j":0,"tr":0,"lh":172.8,"ls":0,"fc":[0.14,0.61,0.78]},"t":0}]},"p":{},"m":{"g":1,"a":{"a":0,"k":[0,0],"ix":2}},"a":[]},"ip":0,"op":3,"st":0,"bm":0},{"ddd":0,"ind":6,"ty":5,"nm":"Cg","sr":1,"ks":{"o":{"a":1,"k":[{"t":0,"s":[0],"h":1},{"t":3,"s":[100],"h":1}],"ix":11},"r":{"a":0,"k":0,"ix":10},"p":{"a":0,"k":[365.925,86.488,0],"ix":2},"a":{"a":0,"k":[-13.814,-53.512,0],"ix":1},"s":{"a":0,"k":[100,100,100],"ix":6}},"ao":0,"t":{"d":{"k":[{"s":{"s":144,"f":"Montserrat-Light","t":"Cg","j":0,"tr":0,"lh":172.8,"ls":0,"fc":[0.14,0.61,0.78]},"t":0}]},"p":{},"m":{"g":1,"a":{"a":0,"k":[0,0],"ix":2}},"a":[]},"ip":0,"op":4,"st":0,"bm":0},{"ddd":0,"ind":7,"ty":5,"nm":"Gha","sr":1,"ks":{"o":{"a":1,"k":[{"t":0,"s":[0],"h":1},{"t":4,"s":[100],"h":1}],"ix":11},"r":{"a":0,"k":0,"ix":10},"p":{"a":0,"k":[365.925,86.488,0],"ix":2},"a":{"a":0,"k":[-13.814,-53.512,0],"ix":1},"s":{"a":0,"k":[100,100,100],"ix":6}},"ao":0,"t":{"d":{"k":[{"s":{"s":144,"f":"Montserrat-Light","t":"Gha","j":0,"tr":0,"lh":172.8,"ls":0,"fc":[0.14,0.61,0.78]},"t":0}]},"p":{},"m":{"g":1,"a":{"a":0,"k":[0,0],"ix":2}},"a":[]},"ip":0,"op":5,"st":0,"bm":0},{"ddd":0,"ind":8,"ty":5,"nm":"Znuo","sr":1,"ks":{"o":{"a":1,"k":[{"t":0,"s":[0],"h":1},{"t":5,"s":[100],"h":1}],"ix":11},"r":{"a":0,"k":0,"ix":10},"p":{"a":0,"k":[365.925,86.488,0],"ix":2},"a":{"a":0,"k":[-13.814,-53.512,0],"ix":1},"s":{"a":0,"k":[100,100,100],"ix":6}},"ao":0,"t":{"d":{"k":[{"s":{"s":144,"f":"Montserrat-Light","t":"Znuo","j":0,"tr":0,"lh":172.8,"ls":0,"fc":[0.14,0.61,0.78]},"t":0}]},"p":{},"m":{"g":1,"a":{"a":0,"k":[0,0],"ix":2}},"a":[]},"ip":0,"op":6,"st":0,"bm":0},{"ddd":0,"ind":9,"ty":5,"nm":"Skae","sr":1,"ks":{"o":{"a":1,"k":[{"t":0,"s":[0],"h":1},{"t":6,"s":[100],"h":1}],"ix":11},"r":{"a":0,"k":0,"ix":10},"p":{"a":0,"k":[365.925,86.488,0],"ix":2},"a":{"a":0,"k":[-13.814,-53.512,0],"ix":1},"s":{"a":0,"k":[100,100,100],"ix":6}},"ao":0,"t":{"d":{"k":[{"s":{"s":144,"f":"Montserrat-Light","t":"Skae","j":0,"tr":0,"lh":172.8,"ls":0,"fc":[0.14,0.61,0.78]},"t":0}]},"p":{},"m":{"g":1,"a":{"a":0,"k":[0,0],"ix":2}},"a":[]},"ip":0,"op":7,"st":0,"bm":0},{"ddd":0,"ind":10,"ty":5,"nm":"Bfsbn","sr":1,"ks":{"o":{"a":1,"k":[{"t":0,"s":[0],"h":1},{"t":7,"s":[100],"h":1}],"ix":11},"r":{"a":0,"k":0,"ix":10},"p":{"a":0,"k":[365.925,86.488,0],"ix":2},"a":{"a":0,"k":[-13.814,-53.512,0],"ix":1},"s":{"a":0,"k":[100,100,100],"ix":6}},"ao":0,"t":{"d":{"k":[{"s":{"s":144,"f":"Montserrat-Light","t":"Bfsbn","j":0,"tr":0,"lh":172.8,"ls":0,"fc":[0.14,0.61,0.78]},"t":0}]},"p":{},"m":{"g":1,"a":{"a":0,"k":[0,0],"ix":2}},"a":[]},"ip":0,"op":8,"st":0,"bm":0},{"ddd":0,"ind":11,"ty":5,"nm":"Blxkli","sr":1,"ks":{"o":{"a":1,"k":[{"t":0,"s":[0],"h":1},{"t":8,"s":[100],"h":1}],"ix":11},"r":{"a":0,"k":0,"ix":10},"p":{"a":0,"k":[365.925,86.488,0],"ix":2},"a":{"a":0,"k":[-13.814,-53.512,0],"ix":1},"s":{"a":0,"k":[100,100,100],"ix":6}},"ao":0,"t":{"d":{"k":[{"s":{"s":144,"f":"Montserrat-Light","t":"Blxkli","j":0,"tr":0,"lh":172.8,"ls":0,"fc":[0.14,0.61,0.78]},"t":0}]},"p":{},"m":{"g":1,"a":{"a":0,"k":[0,0],"ix":2}},"a":[]},"ip":0,"op":9,"st":0,"bm":0},{"ddd":0,"ind":12,"ty":5,"nm":"Blacru","sr":1,"ks":{"o":{"a":1,"k":[{"t":0,"s":[0],"h":1},{"t":9,"s":[100],"h":1}],"ix":11},"r":{"a":0,"k":0,"ix":10},"p":{"a":0,"k":[365.925,86.488,0],"ix":2},"a":{"a":0,"k":[-13.814,-53.512,0],"ix":1},"s":{"a":0,"k":[100,100,100],"ix":6}},"ao":0,"t":{"d":{"k":[{"s":{"s":144,"f":"Montserrat-Light","t":"Blacru","j":0,"tr":0,"lh":172.8,"ls":0,"fc":[0.14,0.61,0.78]},"t":0}]},"p":{},"m":{"g":1,"a":{"a":0,"k":[0,0],"ix":2}},"a":[]},"ip":0,"op":10,"st":0,"bm":0},{"ddd":0,"ind":13,"ty":5,"nm":"Blosvft","sr":1,"ks":{"o":{"a":1,"k":[{"t":0,"s":[0],"h":1},{"t":10,"s":[100],"h":1}],"ix":11},"r":{"a":0,"k":0,"ix":10},"p":{"a":0,"k":[365.925,86.488,0],"ix":2},"a":{"a":0,"k":[-13.814,-53.512,0],"ix":1},"s":{"a":0,"k":[100,100,100],"ix":6}},"ao":0,"t":{"d":{"k":[{"s":{"s":144,"f":"Montserrat-Light","t":"Blosvft","j":0,"tr":0,"lh":172.8,"ls":0,"fc":[0.14,0.61,0.78]},"t":0}]},"p":{},"m":{"g":1,"a":{"a":0,"k":[0,0],"ix":2}},"a":[]},"ip":0,"op":11,"st":0,"bm":0},{"ddd":0,"ind":14,"ty":5,"nm":"Blocwiko","sr":1,"ks":{"o":{"a":1,"k":[{"t":0,"s":[0],"h":1},{"t":11,"s":[100],"h":1}],"ix":11},"r":{"a":0,"k":0,"ix":10},"p":{"a":0,"k":[365.925,86.488,0],"ix":2},"a":{"a":0,"k":[-13.814,-53.512,0],"ix":1},"s":{"a":0,"k":[100,100,100],"ix":6}},"ao":0,"t":{"d":{"k":[{"s":{"s":144,"f":"Montserrat-Light","t":"Blocwiko","j":0,"tr":0,"lh":172.8,"ls":0,"fc":[0.14,0.61,0.78]},"t":0}]},"p":{},"m":{"g":1,"a":{"a":0,"k":[0,0],"ix":2}},"a":[]},"ip":0,"op":12,"st":0,"bm":0},{"ddd":0,"ind":15,"ty":5,"nm":"Blocdryu","sr":1,"ks":{"o":{"a":1,"k":[{"t":0,"s":[0],"h":1},{"t":12,"s":[100],"h":1}],"ix":11},"r":{"a":0,"k":0,"ix":10},"p":{"a":0,"k":[365.925,86.488,0],"ix":2},"a":{"a":0,"k":[-13.814,-53.512,0],"ix":1},"s":{"a":0,"k":[100,100,100],"ix":6}},"ao":0,"t":{"d":{"k":[{"s":{"s":144,"f":"Montserrat-Light","t":"Blocdryu","j":0,"tr":0,"lh":172.8,"ls":0,"fc":[0.14,0.61,0.78]},"t":0}]},"p":{},"m":{"g":1,"a":{"a":0,"k":[0,0],"ix":2}},"a":[]},"ip":0,"op":13,"st":0,"bm":0},{"ddd":0,"ind":16,"ty":5,"nm":"Blockcfrt","sr":1,"ks":{"o":{"a":1,"k":[{"t":0,"s":[0],"h":1},{"t":13,"s":[100],"h":1}],"ix":11},"r":{"a":0,"k":0,"ix":10},"p":{"a":0,"k":[365.925,86.488,0],"ix":2},"a":{"a":0,"k":[-13.814,-53.512,0],"ix":1},"s":{"a":0,"k":[100,100,100],"ix":6}},"ao":0,"t":{"d":{"k":[{"s":{"s":144,"f":"Montserrat-Light","t":"Blockcfrt","j":0,"tr":0,"lh":172.8,"ls":0,"fc":[0.14,0.61,0.78]},"t":0}]},"p":{},"m":{"g":1,"a":{"a":0,"k":[0,0],"ix":2}},"a":[]},"ip":0,"op":14,"st":0,"bm":0},{"ddd":0,"ind":17,"ty":5,"nm":"Blockchev","sr":1,"ks":{"o":{"a":1,"k":[{"t":0,"s":[0],"h":1},{"t":14,"s":[100],"h":1}],"ix":11},"r":{"a":0,"k":0,"ix":10},"p":{"a":0,"k":[365.925,86.488,0],"ix":2},"a":{"a":0,"k":[-13.814,-53.512,0],"ix":1},"s":{"a":0,"k":[100,100,100],"ix":6}},"ao":0,"t":{"d":{"k":[{"s":{"s":144,"f":"Montserrat-Light","t":"Blockchev","j":0,"tr":0,"lh":172.8,"ls":0,"fc":[0.14,0.61,0.78]},"t":0}]},"p":{},"m":{"g":1,"a":{"a":0,"k":[0,0],"ix":2}},"a":[]},"ip":0,"op":15,"st":0,"bm":0},{"ddd":0,"ind":18,"ty":5,"nm":"Blockchafs","sr":1,"ks":{"o":{"a":1,"k":[{"t":0,"s":[0],"h":1},{"t":15,"s":[100],"h":1}],"ix":11},"r":{"a":0,"k":0,"ix":10},"p":{"a":0,"k":[365.925,86.488,0],"ix":2},"a":{"a":0,"k":[-13.814,-53.512,0],"ix":1},"s":{"a":0,"k":[100,100,100],"ix":6}},"ao":0,"t":{"d":{"k":[{"s":{"s":144,"f":"Montserrat-Light","t":"Blockchafs","j":0,"tr":0,"lh":172.8,"ls":0,"fc":[0.14,0.61,0.78]},"t":0}]},"p":{},"m":{"g":1,"a":{"a":0,"k":[0,0],"ix":2}},"a":[]},"ip":0,"op":16,"st":0,"bm":0},{"ddd":0,"ind":19,"ty":5,"nm":"Blockchaib","sr":1,"ks":{"o":{"a":1,"k":[{"t":0,"s":[0],"h":1},{"t":16,"s":[100],"h":1}],"ix":11},"r":{"a":0,"k":0,"ix":10},"p":{"a":0,"k":[365.925,86.488,0],"ix":2},"a":{"a":0,"k":[-13.814,-53.512,0],"ix":1},"s":{"a":0,"k":[100,100,100],"ix":6}},"ao":0,"t":{"d":{"k":[{"s":{"s":144,"f":"Montserrat-Light","t":"Blockchaib","j":0,"tr":0,"lh":172.8,"ls":0,"fc":[0.14,0.61,0.78]},"t":0}]},"p":{},"m":{"g":1,"a":{"a":0,"k":[0,0],"ix":2}},"a":[]},"ip":0,"op":17,"st":0,"bm":0},{"ddd":0,"ind":20,"ty":5,"nm":"Blockchain ","sr":1,"ks":{"o":{"a":1,"k":[{"t":0,"s":[0],"h":1},{"t":17,"s":[100],"h":1}],"ix":11},"r":{"a":0,"k":0,"ix":10},"p":{"a":0,"k":[365.925,86.488,0],"ix":2},"a":{"a":0,"k":[-13.814,-53.512,0],"ix":1},"s":{"a":0,"k":[100,100,100],"ix":6}},"ao":0,"t":{"d":{"k":[{"s":{"s":144,"f":"Montserrat-Light","t":"Blockchain","j":0,"tr":0,"lh":172.8,"ls":0,"fc":[0.14,0.62,0.78]},"t":0}]},"p":{},"m":{"g":1,"a":{"a":0,"k":[0,0],"ix":2}},"a":[]},"ip":0,"op":112,"st":0,"bm":0},{"ddd":0,"ind":21,"ty":5,"nm":"F","sr":1,"ks":{"o":{"a":1,"k":[{"t":2,"s":[0],"h":1},{"t":4,"s":[100],"h":1}],"ix":11},"r":{"a":0,"k":0,"ix":10},"p":{"a":0,"k":[765.925,222.229,0],"ix":2},"a":{"a":0,"k":[-1.075,-35.771,0],"ix":1},"s":{"a":0,"k":[100,100,100],"ix":6}},"ao":0,"t":{"d":{"k":[{"s":{"s":96,"f":"Montserrat-UltraLight","t":"F","j":0,"tr":0,"lh":115.2,"ls":0,"fc":[0.14,0.61,0.78]},"t":0}]},"p":{},"m":{"g":1,"a":{"a":0,"k":[0,0],"ix":2}},"a":[]},"ip":-2,"op":5,"st":2,"bm":0},{"ddd":0,"ind":22,"ty":5,"nm":"U","sr":1,"ks":{"o":{"a":1,"k":[{"t":2,"s":[0],"h":1},{"t":5,"s":[100],"h":1}],"ix":11},"r":{"a":0,"k":0,"ix":10},"p":{"a":0,"k":[765.925,222.229,0],"ix":2},"a":{"a":0,"k":[-1.075,-35.771,0],"ix":1},"s":{"a":0,"k":[100,100,100],"ix":6}},"ao":0,"t":{"d":{"k":[{"s":{"s":96,"f":"Montserrat-UltraLight","t":"U","j":0,"tr":0,"lh":115.2,"ls":0,"fc":[0.14,0.61,0.78]},"t":0}]},"p":{},"m":{"g":1,"a":{"a":0,"k":[0,0],"ix":2}},"a":[]},"ip":-2,"op":6,"st":2,"bm":0},{"ddd":0,"ind":23,"ty":5,"nm":"Ae","sr":1,"ks":{"o":{"a":1,"k":[{"t":2,"s":[0],"h":1},{"t":6,"s":[100],"h":1}],"ix":11},"r":{"a":0,"k":0,"ix":10},"p":{"a":0,"k":[765.925,222.229,0],"ix":2},"a":{"a":0,"k":[-1.075,-35.771,0],"ix":1},"s":{"a":0,"k":[100,100,100],"ix":6}},"ao":0,"t":{"d":{"k":[{"s":{"s":96,"f":"Montserrat-UltraLight","t":"Ae","j":0,"tr":0,"lh":115.2,"ls":0,"fc":[0.14,0.61,0.78]},"t":0}]},"p":{},"m":{"g":1,"a":{"a":0,"k":[0,0],"ix":2}},"a":[]},"ip":-2,"op":7,"st":2,"bm":0},{"ddd":0,"ind":24,"ty":5,"nm":"Boy","sr":1,"ks":{"o":{"a":1,"k":[{"t":2,"s":[0],"h":1},{"t":7,"s":[100],"h":1}],"ix":11},"r":{"a":0,"k":0,"ix":10},"p":{"a":0,"k":[765.925,222.229,0],"ix":2},"a":{"a":0,"k":[-1.075,-35.771,0],"ix":1},"s":{"a":0,"k":[100,100,100],"ix":6}},"ao":0,"t":{"d":{"k":[{"s":{"s":96,"f":"Montserrat-UltraLight","t":"Boy","j":0,"tr":0,"lh":115.2,"ls":0,"fc":[0.14,0.61,0.78]},"t":0}]},"p":{},"m":{"g":1,"a":{"a":0,"k":[0,0],"ix":2}},"a":[]},"ip":-2,"op":8,"st":2,"bm":0},{"ddd":0,"ind":25,"ty":5,"nm":"Daec","sr":1,"ks":{"o":{"a":1,"k":[{"t":2,"s":[0],"h":1},{"t":8,"s":[100],"h":1}],"ix":11},"r":{"a":0,"k":0,"ix":10},"p":{"a":0,"k":[765.925,222.229,0],"ix":2},"a":{"a":0,"k":[-1.075,-35.771,0],"ix":1},"s":{"a":0,"k":[100,100,100],"ix":6}},"ao":0,"t":{"d":{"k":[{"s":{"s":96,"f":"Montserrat-UltraLight","t":"Daec","j":0,"tr":0,"lh":115.2,"ls":0,"fc":[0.14,0.61,0.78]},"t":0}]},"p":{},"m":{"g":1,"a":{"a":0,"k":[0,0],"ix":2}},"a":[]},"ip":-2,"op":9,"st":2,"bm":0},{"ddd":0,"ind":26,"ty":5,"nm":"Nqasj","sr":1,"ks":{"o":{"a":1,"k":[{"t":2,"s":[0],"h":1},{"t":9,"s":[100],"h":1}],"ix":11},"r":{"a":0,"k":0,"ix":10},"p":{"a":0,"k":[765.925,222.229,0],"ix":2},"a":{"a":0,"k":[-1.075,-35.771,0],"ix":1},"s":{"a":0,"k":[100,100,100],"ix":6}},"ao":0,"t":{"d":{"k":[{"s":{"s":96,"f":"Montserrat-UltraLight","t":"Nqasj","j":0,"tr":0,"lh":115.2,"ls":0,"fc":[0.14,0.61,0.78]},"t":0}]},"p":{},"m":{"g":1,"a":{"a":0,"k":[0,0],"ix":2}},"a":[]},"ip":-2,"op":10,"st":2,"bm":0},{"ddd":0,"ind":27,"ty":5,"nm":"Nszck","sr":1,"ks":{"o":{"a":1,"k":[{"t":2,"s":[0],"h":1},{"t":10,"s":[100],"h":1}],"ix":11},"r":{"a":0,"k":0,"ix":10},"p":{"a":0,"k":[765.925,222.229,0],"ix":2},"a":{"a":0,"k":[-1.075,-35.771,0],"ix":1},"s":{"a":0,"k":[100,100,100],"ix":6}},"ao":0,"t":{"d":{"k":[{"s":{"s":96,"f":"Montserrat-UltraLight","t":"Nszck","j":0,"tr":0,"lh":115.2,"ls":0,"fc":[0.14,0.61,0.78]},"t":0}]},"p":{},"m":{"g":1,"a":{"a":0,"k":[0,0],"ix":2}},"a":[]},"ip":-2,"op":11,"st":2,"bm":0},{"ddd":0,"ind":28,"ty":5,"nm":"Nogzx","sr":1,"ks":{"o":{"a":1,"k":[{"t":2,"s":[0],"h":1},{"t":11,"s":[100],"h":1}],"ix":11},"r":{"a":0,"k":0,"ix":10},"p":{"a":0,"k":[765.925,222.229,0],"ix":2},"a":{"a":0,"k":[-1.075,-35.771,0],"ix":1},"s":{"a":0,"k":[100,100,100],"ix":6}},"ao":0,"t":{"d":{"k":[{"s":{"s":96,"f":"Montserrat-UltraLight","t":"Nogzx","j":0,"tr":0,"lh":115.2,"ls":0,"fc":[0.14,0.61,0.78]},"t":0}]},"p":{},"m":{"g":1,"a":{"a":0,"k":[0,0],"ix":2}},"a":[]},"ip":-2,"op":12,"st":2,"bm":0},{"ddd":0,"ind":29,"ty":5,"nm":"Nedvo","sr":1,"ks":{"o":{"a":1,"k":[{"t":2,"s":[0],"h":1},{"t":12,"s":[100],"h":1}],"ix":11},"r":{"a":0,"k":0,"ix":10},"p":{"a":0,"k":[765.925,222.229,0],"ix":2},"a":{"a":0,"k":[-1.075,-35.771,0],"ix":1},"s":{"a":0,"k":[100,100,100],"ix":6}},"ao":0,"t":{"d":{"k":[{"s":{"s":96,"f":"Montserrat-UltraLight","t":"Nedvo","j":0,"tr":0,"lh":115.2,"ls":0,"fc":[0.14,0.61,0.78]},"t":0}]},"p":{},"m":{"g":1,"a":{"a":0,"k":[0,0],"ix":2}},"a":[]},"ip":-2,"op":13,"st":2,"bm":0},{"ddd":0,"ind":30,"ty":5,"nm":"Nemdua","sr":1,"ks":{"o":{"a":1,"k":[{"t":2,"s":[0],"h":1},{"t":13,"s":[100],"h":1}],"ix":11},"r":{"a":0,"k":0,"ix":10},"p":{"a":0,"k":[765.925,222.229,0],"ix":2},"a":{"a":0,"k":[-1.075,-35.771,0],"ix":1},"s":{"a":0,"k":[100,100,100],"ix":6}},"ao":0,"t":{"d":{"k":[{"s":{"s":96,"f":"Montserrat-UltraLight","t":"Nemdua","j":0,"tr":0,"lh":115.2,"ls":0,"fc":[0.14,0.61,0.78]},"t":0}]},"p":{},"m":{"g":1,"a":{"a":0,"k":[0,0],"ix":2}},"a":[]},"ip":-2,"op":14,"st":2,"bm":0},{"ddd":0,"ind":31,"ty":5,"nm":"Nenmio","sr":1,"ks":{"o":{"a":1,"k":[{"t":2,"s":[0],"h":1},{"t":14,"s":[100],"h":1}],"ix":11},"r":{"a":0,"k":0,"ix":10},"p":{"a":0,"k":[765.925,222.229,0],"ix":2},"a":{"a":0,"k":[-1.075,-35.771,0],"ix":1},"s":{"a":0,"k":[100,100,100],"ix":6}},"ao":0,"t":{"d":{"k":[{"s":{"s":96,"f":"Montserrat-UltraLight","t":"Nenmio","j":0,"tr":0,"lh":115.2,"ls":0,"fc":[0.14,0.61,0.78]},"t":0}]},"p":{},"m":{"g":1,"a":{"a":0,"k":[0,0],"ix":2}},"a":[]},"ip":-2,"op":15,"st":2,"bm":0},{"ddd":0,"ind":32,"ty":5,"nm":"Netdehn","sr":1,"ks":{"o":{"a":1,"k":[{"t":2,"s":[0],"h":1},{"t":15,"s":[100],"h":1}],"ix":11},"r":{"a":0,"k":0,"ix":10},"p":{"a":0,"k":[765.925,222.229,0],"ix":2},"a":{"a":0,"k":[-1.075,-35.771,0],"ix":1},"s":{"a":0,"k":[100,100,100],"ix":6}},"ao":0,"t":{"d":{"k":[{"s":{"s":96,"f":"Montserrat-UltraLight","t":"Netdehn","j":0,"tr":0,"lh":115.2,"ls":0,"fc":[0.14,0.61,0.78]},"t":0}]},"p":{},"m":{"g":1,"a":{"a":0,"k":[0,0],"ix":2}},"a":[]},"ip":-2,"op":16,"st":2,"bm":0},{"ddd":0,"ind":33,"ty":5,"nm":"Netwazt","sr":1,"ks":{"o":{"a":1,"k":[{"t":2,"s":[0],"h":1},{"t":16,"s":[100],"h":1}],"ix":11},"r":{"a":0,"k":0,"ix":10},"p":{"a":0,"k":[765.925,222.229,0],"ix":2},"a":{"a":0,"k":[-1.075,-35.771,0],"ix":1},"s":{"a":0,"k":[100,100,100],"ix":6}},"ao":0,"t":{"d":{"k":[{"s":{"s":96,"f":"Montserrat-UltraLight","t":"Netwazt","j":0,"tr":0,"lh":115.2,"ls":0,"fc":[0.14,0.61,0.78]},"t":0}]},"p":{},"m":{"g":1,"a":{"a":0,"k":[0,0],"ix":2}},"a":[]},"ip":-2,"op":17,"st":2,"bm":0},{"ddd":0,"ind":34,"ty":5,"nm":"Netwogy","sr":1,"ks":{"o":{"a":1,"k":[{"t":2,"s":[0],"h":1},{"t":17,"s":[100],"h":1}],"ix":11},"r":{"a":0,"k":0,"ix":10},"p":{"a":0,"k":[765.925,222.229,0],"ix":2},"a":{"a":0,"k":[-1.075,-35.771,0],"ix":1},"s":{"a":0,"k":[100,100,100],"ix":6}},"ao":0,"t":{"d":{"k":[{"s":{"s":96,"f":"Montserrat-UltraLight","t":"Netwogy","j":0,"tr":0,"lh":115.2,"ls":0,"fc":[0.14,0.61,0.78]},"t":0}]},"p":{},"m":{"g":1,"a":{"a":0,"k":[0,0],"ix":2}},"a":[]},"ip":-2,"op":18,"st":2,"bm":0},{"ddd":0,"ind":35,"ty":5,"nm":"Networt","sr":1,"ks":{"o":{"a":1,"k":[{"t":2,"s":[0],"h":1},{"t":18,"s":[100],"h":1}],"ix":11},"r":{"a":0,"k":0,"ix":10},"p":{"a":0,"k":[765.925,222.229,0],"ix":2},"a":{"a":0,"k":[-1.075,-35.771,0],"ix":1},"s":{"a":0,"k":[100,100,100],"ix":6}},"ao":0,"t":{"d":{"k":[{"s":{"s":96,"f":"Montserrat-UltraLight","t":"Networt","j":0,"tr":0,"lh":115.2,"ls":0,"fc":[0.14,0.61,0.78]},"t":0}]},"p":{},"m":{"g":1,"a":{"a":0,"k":[0,0],"ix":2}},"a":[]},"ip":-2,"op":19,"st":2,"bm":0},{"ddd":0,"ind":36,"ty":5,"nm":"Network 2","sr":1,"ks":{"o":{"a":1,"k":[{"t":2,"s":[0],"h":1},{"t":19,"s":[100],"h":1}],"ix":11},"r":{"a":0,"k":0,"ix":10},"p":{"a":0,"k":[765.925,222.229,0],"ix":2},"a":{"a":0,"k":[-1.075,-35.771,0],"ix":1},"s":{"a":0,"k":[100,100,100],"ix":6}},"ao":0,"t":{"d":{"k":[{"s":{"s":96,"f":"Montserrat-UltraLight","t":"Network","j":0,"tr":0,"lh":115.2,"ls":0,"fc":[0.14,0.61,0.78]},"t":0}]},"p":{},"m":{"g":1,"a":{"a":0,"k":[0,0],"ix":2}},"a":[]},"ip":-2,"op":114,"st":2,"bm":0}],"markers":[{"tm":15,"cm":"2","dr":0}],"chars":[{"ch":"N","size":96,"style":"Ultra Light","w":79.7,"data":{"shapes":[{"ty":"gr","it":[{"ind":0,"ty":"sh","ix":1,"ks":{"a":0,"k":{"i":[[0,0],[0,0],[0,0],[0,0],[0,0],[0,0],[0,0],[0,0],[0,0],[0,0]],"o":[[0,0],[0,0],[0,0],[0,0],[0,0],[0,0],[0,0],[0,0],[0,0],[0,0]],"v":[[68.179,0],[68.179,-70.395],[64.05,-70.395],[64.05,-6.445],[17.02,-70.395],[12.085,-70.395],[12.085,0],[16.315,0],[16.315,-63.95],[63.245,0]],"c":true},"ix":2},"nm":"N","mn":"ADBE Vector Shape - Group","hd":false}],"nm":"N","np":3,"cix":2,"ix":1,"mn":"ADBE Vector Group","hd":false}]},"fFamily":"Montserrat"},{"ch":"e","size":96,"style":"Ultra Light","w":58.9,"data":{"shapes":[{"ty":"gr","it":[{"ind":0,"ty":"sh","ix":1,"ks":{"a":0,"k":{"i":[[15.408,0],[0,-15.408],[-14.804,0],[-4.834,5.237],[0,0],[7.15,0],[0.604,12.79],[0,0]],"o":[[-14.804,0],[0,15.408],[8.359,0],[0,0],[-4.23,4.633],[-12.186,0],[0,0],[0.302,-16.214]],"v":[[30.414,-52.57],[4.834,-26.184],[30.414,0.101],[50.757,-8.258],[48.34,-10.977],[30.615,-3.726],[8.963,-25.076],[54.785,-25.076]],"c":true},"ix":2},"nm":"e","mn":"ADBE Vector Shape - Group","hd":false},{"ind":1,"ty":"sh","ix":2,"ks":{"a":0,"k":{"i":[[0,0],[-11.783,0],[-0.806,-11.884]],"o":[[1.007,-11.884],[11.984,0],[0,0]],"v":[[9.064,-28.802],[30.414,-48.743],[50.958,-28.802]],"c":true},"ix":2},"nm":"e","mn":"ADBE Vector Shape - Group","hd":false}],"nm":"e","np":5,"cix":2,"ix":1,"mn":"ADBE Vector Group","hd":false}]},"fFamily":"Montserrat"},{"ch":"t","size":96,"style":"Ultra Light","w":37.2,"data":{"shapes":[{"ty":"gr","it":[{"ind":0,"ty":"sh","ix":1,"ks":{"a":0,"k":{"i":[[0,0],[3.021,0],[0,7.452],[0,0],[0,0],[0,0],[0,0],[0,0],[0,0],[0,0],[0,0],[0,0],[0,0],[0,0],[-7.452,0.101],[-3.323,2.316]],"o":[[-2.719,1.913],[-5.438,0.101],[0,0],[0,0],[0,0],[0,0],[0,0],[0,0],[0,0],[0,0],[0,0],[0,0],[0,0],[0,9.869],[3.928,0],[0,0]],"v":[[33.536,-7.05],[24.673,-4.028],[16.315,-15.005],[16.315,-47.534],[34.14,-47.534],[34.14,-51.16],[16.315,-51.16],[16.315,-64.151],[12.286,-64.151],[12.286,-51.16],[4.633,-51.16],[4.633,-47.534],[12.286,-47.534],[12.286,-14.502],[24.17,0.101],[35.147,-3.625]],"c":true},"ix":2},"nm":"t","mn":"ADBE Vector Shape - Group","hd":false}],"nm":"t","np":3,"cix":2,"ix":1,"mn":"ADBE Vector Group","hd":false}]},"fFamily":"Montserrat"},{"ch":"w","size":96,"style":"Ultra Light","w":83.5,"data":{"shapes":[{"ty":"gr","it":[{"ind":0,"ty":"sh","ix":1,"ks":{"a":0,"k":{"i":[[0,0],[0,0],[0,0],[0,0],[0,0],[0,0],[0,0],[0,0],[0,0],[0,0],[0,0],[0,0],[0,0]],"o":[[0,0],[0,0],[0,0],[0,0],[0,0],[0,0],[0,0],[0,0],[0,0],[0,0],[0,0],[0,0],[0,0]],"v":[[64.352,0],[84.192,-52.469],[79.761,-52.469],[62.338,-4.532],[44.815,-52.469],[40.283,-52.469],[22.861,-4.532],[5.338,-52.469],[0.806,-52.469],[20.645,0],[24.976,0],[42.599,-46.93],[60.022,0]],"c":true},"ix":2},"nm":"w","mn":"ADBE Vector Shape - Group","hd":false}],"nm":"w","np":3,"cix":2,"ix":1,"mn":"ADBE Vector Group","hd":false}]},"fFamily":"Montserrat"},{"ch":"o","size":96,"style":"Ultra Light","w":61,"data":{"shapes":[{"ty":"gr","it":[{"ind":0,"ty":"sh","ix":1,"ks":{"a":0,"k":{"i":[[15.005,0],[0,-15.308],[-14.905,0],[0,15.509]],"o":[[-14.905,0],[0,15.509],[15.005,0],[0,-15.308]],"v":[[30.716,-52.57],[4.834,-26.285],[30.716,0.101],[56.598,-26.285]],"c":true},"ix":2},"nm":"o","mn":"ADBE Vector Shape - Group","hd":false},{"ind":1,"ty":"sh","ix":2,"ks":{"a":0,"k":{"i":[[-12.589,0],[0,-13.193],[12.689,0],[0,13.193]],"o":[[12.689,0],[0,13.193],[-12.589,0],[0,-13.193]],"v":[[30.716,-48.541],[52.469,-26.184],[30.716,-3.827],[8.963,-26.184]],"c":true},"ix":2},"nm":"o","mn":"ADBE Vector Shape - Group","hd":false}],"nm":"o","np":5,"cix":2,"ix":1,"mn":"ADBE Vector Group","hd":false}]},"fFamily":"Montserrat"},{"ch":"r","size":96,"style":"Ultra Light","w":35,"data":{"shapes":[{"ty":"gr","it":[{"ind":0,"ty":"sh","ix":1,"ks":{"a":0,"k":{"i":[[0,0],[0,0],[0,0],[0,0],[0,0],[-11.581,0],[0,0],[3.323,-8.459]],"o":[[0,0],[0,0],[0,0],[0,0],[0.906,-12.186],[0,0],[-9.366,0.201],[0,0]],"v":[[14.703,-52.469],[10.474,-52.469],[10.474,0],[14.703,0],[14.703,-28.4],[34.241,-48.239],[34.241,-52.57],[14.703,-39.276]],"c":true},"ix":2},"nm":"r","mn":"ADBE Vector Shape - Group","hd":false}],"nm":"r","np":3,"cix":2,"ix":1,"mn":"ADBE Vector Group","hd":false}]},"fFamily":"Montserrat"},{"ch":"k","size":96,"style":"Ultra Light","w":55.1,"data":{"shapes":[{"ty":"gr","it":[{"ind":0,"ty":"sh","ix":1,"ks":{"a":0,"k":{"i":[[0,0],[0,0],[0,0],[0,0],[0,0],[0,0],[0,0],[0,0],[0,0],[0,0],[0,0],[0,0]],"o":[[0,0],[0,0],[0,0],[0,0],[0,0],[0,0],[0,0],[0,0],[0,0],[0,0],[0,0],[0,0]],"v":[[28.5,-29.105],[49.146,0],[53.979,0],[31.522,-32.126],[51.361,-52.469],[46.225,-52.469],[15.207,-21.451],[15.207,-74.725],[10.977,-74.725],[10.977,0],[15.207,0],[15.207,-15.408]],"c":true},"ix":2},"nm":"k","mn":"ADBE Vector Shape - Group","hd":false}],"nm":"k","np":3,"cix":2,"ix":1,"mn":"ADBE Vector Group","hd":false}]},"fFamily":"Montserrat"},{"ch":"g","size":96,"style":"Ultra Light","w":63.2,"data":{"shapes":[{"ty":"gr","it":[{"ind":0,"ty":"sh","ix":1,"ks":{"a":0,"k":{"i":[[0,0],[0,0],[0,0],[10.071,0],[0,-14.703],[-14.099,0],[-3.625,8.359],[0,0],[12.991,0.101],[5.438,5.136],[0,0],[-8.359,-0.201],[0,15.509]],"o":[[0,0],[0,0],[-3.726,-8.359],[-13.998,0],[0,14.603],[9.97,0],[0,0],[0,13.092],[-7.553,-0.201],[0,0],[6.143,5.539],[15.408,0.101],[0,0]],"v":[[54.584,-52.469],[50.555,-52.469],[50.555,-38.974],[29.004,-52.57],[4.834,-27.292],[29.105,-2.115],[50.555,-15.61],[50.555,-5.74],[29.105,15.61],[10.172,7.855],[7.956,10.977],[29.205,19.537],[54.584,-5.74]],"c":true},"ix":2},"nm":"g","mn":"ADBE Vector Shape - Group","hd":false},{"ind":1,"ty":"sh","ix":2,"ks":{"a":0,"k":{"i":[[12.085,0],[0,12.387],[-12.085,0],[0,-12.488]],"o":[[-12.186,0],[0,-12.488],[12.085,0],[0,12.387]],"v":[[29.608,-5.74],[8.762,-27.191],[29.608,-48.743],[50.555,-27.191]],"c":true},"ix":2},"nm":"g","mn":"ADBE Vector Shape - Group","hd":false}],"nm":"g","np":5,"cix":2,"ix":1,"mn":"ADBE Vector Group","hd":false}]},"fFamily":"Montserrat"},{"ch":"y","size":96,"style":"Ultra Light","w":47.3,"data":{"shapes":[{"ty":"gr","it":[{"ind":0,"ty":"sh","ix":1,"ks":{"a":0,"k":{"i":[[0,0],[0,0],[0,0],[0,0],[0,0],[0,0],[0,0],[4.733,0],[2.316,1.611],[0,0],[-3.827,0],[-3.223,7.855]],"o":[[0,0],[0,0],[0,0],[0,0],[0,0],[0,0],[-2.518,6.143],[-2.921,0],[0,0],[2.719,2.014],[6.143,0],[0,0]],"v":[[47.736,-52.469],[43.304,-52.469],[24.472,-4.935],[5.136,-52.469],[0.705,-52.469],[22.357,0],[19.94,5.942],[8.661,15.408],[0.705,12.991],[-1.108,16.617],[8.862,19.638],[23.364,7.553]],"c":true},"ix":2},"nm":"y","mn":"ADBE Vector Shape - Group","hd":false}],"nm":"y","np":3,"cix":2,"ix":1,"mn":"ADBE Vector Group","hd":false}]},"fFamily":"Montserrat"},{"ch":"a","size":96,"style":"Ultra Light","w":56.7,"data":{"shapes":[{"ty":"gr","it":[{"ind":0,"ty":"sh","ix":1,"ks":{"a":0,"k":{"i":[[0,0],[0,0],[0,0],[12.387,0],[6.244,-4.532],[0,0],[-6.546,0],[-0.101,-8.862],[0,0],[0,0],[0,-8.762],[-10.373,0],[-4.431,7.251]],"o":[[0,0],[0,0],[-0.101,-10.876],[-7.956,0],[0,0],[5.539,-4.23],[10.474,0],[0,0],[0,0],[-12.085,0],[0,8.862],[9.064,0],[0,0]],"v":[[44.211,0],[48.34,0],[48.138,-34.845],[28.903,-52.57],[8.661,-45.117],[10.675,-41.895],[28.299,-48.743],[44.009,-34.543],[44.009,-29.407],[25.378,-29.407],[5.841,-15.308],[23.163,0.101],[44.11,-10.373]],"c":true},"ix":2},"nm":"a","mn":"ADBE Vector Shape - Group","hd":false},{"ind":1,"ty":"sh","ix":2,"ks":{"a":0,"k":{"i":[[9.769,0],[0,6.949],[-10.272,0],[0,0],[0,0]],"o":[[-8.56,0],[0,-6.747],[0,0],[0,0],[-3.223,9.164]],"v":[[23.767,-3.726],[9.869,-15.408],[25.781,-25.681],[44.11,-25.681],[44.11,-17.12]],"c":true},"ix":2},"nm":"a","mn":"ADBE Vector Shape - Group","hd":false}],"nm":"a","np":5,"cix":2,"ix":1,"mn":"ADBE Vector Group","hd":false}]},"fFamily":"Montserrat"},{"ch":"z","size":96,"style":"Ultra Light","w":51.6,"data":{"shapes":[{"ty":"gr","it":[{"ind":0,"ty":"sh","ix":1,"ks":{"a":0,"k":{"i":[[0,0],[0,0],[0,0],[0,0],[0,0],[0,0],[0,0],[0,0],[0,0],[0,0]],"o":[[0,0],[0,0],[0,0],[0,0],[0,0],[0,0],[0,0],[0,0],[0,0],[0,0]],"v":[[46.426,-48.541],[46.426,-52.368],[6.747,-52.469],[6.747,-48.541],[41.693,-48.541],[5.841,-3.827],[5.841,0],[47.131,0.101],[47.131,-3.726],[10.574,-3.827]],"c":true},"ix":2},"nm":"z","mn":"ADBE Vector Shape - Group","hd":false}],"nm":"z","np":3,"cix":2,"ix":1,"mn":"ADBE Vector Group","hd":false}]},"fFamily":"Montserrat"},{"ch":"d","size":96,"style":"Ultra Light","w":67.5,"data":{"shapes":[{"ty":"gr","it":[{"ind":0,"ty":"sh","ix":1,"ks":{"a":0,"k":{"i":[[0,0],[0,0],[0,0],[10.373,0],[0,-15.509],[-14.905,0],[-3.928,8.661],[0,0],[0,0]],"o":[[0,0],[0,0],[-3.928,-8.661],[-14.804,0],[0,15.408],[10.272,0],[0,0],[0,0],[0,0]],"v":[[57.001,-74.725],[52.771,-74.725],[52.771,-38.773],[30.313,-52.771],[4.834,-26.184],[30.414,0.302],[52.771,-13.696],[52.771,0],[57.001,0]],"c":true},"ix":2},"nm":"d","mn":"ADBE Vector Shape - Group","hd":false},{"ind":1,"ty":"sh","ix":2,"ks":{"a":0,"k":{"i":[[12.689,0],[0.101,13.092],[-12.689,0],[0,-13.092]],"o":[[-12.79,0],[0.101,-12.991],[12.689,0],[0,13.092]],"v":[[30.917,-3.625],[8.963,-26.184],[30.917,-48.743],[52.771,-26.184]],"c":true},"ix":2},"nm":"d","mn":"ADBE Vector Shape - Group","hd":false}],"nm":"d","np":5,"cix":2,"ix":1,"mn":"ADBE Vector Group","hd":false}]},"fFamily":"Montserrat"},{"ch":"h","size":96,"style":"Ultra Light","w":65.4,"data":{"shapes":[{"ty":"gr","it":[{"ind":0,"ty":"sh","ix":1,"ks":{"a":0,"k":{"i":[[12.79,0],[3.525,-8.862],[0,0],[0,0],[0,0],[0,0],[0,0],[-12.991,0.302],[0,-10.776],[0,0],[0,0],[0,0]],"o":[[-10.574,0.201],[0,0],[0,0],[0,0],[0,0],[0,0],[0,-13.696],[10.776,0],[0,0],[0,0],[0,0],[0,-12.79]],"v":[[36.758,-52.57],[15.207,-38.773],[15.207,-74.725],[10.977,-74.725],[10.977,0],[15.207,0],[15.207,-25.681],[35.751,-48.34],[52.872,-31.219],[52.872,0],[57.101,0],[57.101,-32.025]],"c":true},"ix":2},"nm":"h","mn":"ADBE Vector Shape - Group","hd":false}],"nm":"h","np":3,"cix":2,"ix":1,"mn":"ADBE Vector Group","hd":false}]},"fFamily":"Montserrat"},{"ch":"n","size":96,"style":"Ultra Light","w":64.8,"data":{"shapes":[{"ty":"gr","it":[{"ind":0,"ty":"sh","ix":1,"ks":{"a":0,"k":{"i":[[12.79,0],[3.525,-8.661],[0,0],[0,0],[0,0],[0,0],[0,0],[-12.085,0.302],[0,-10.776],[0,0],[0,0],[0,0]],"o":[[-10.474,0.201],[0,0],[0,0],[0,0],[0,0],[0,0],[0.906,-12.085],[10.776,0],[0,0],[0,0],[0,0],[0,-12.79]],"v":[[36.154,-52.57],[14.703,-39.075],[14.703,-52.469],[10.474,-52.469],[10.474,0],[14.703,0],[14.703,-28.4],[35.147,-48.34],[52.267,-31.219],[52.267,0],[56.497,0],[56.497,-32.025]],"c":true},"ix":2},"nm":"n","mn":"ADBE Vector Shape - Group","hd":false}],"nm":"n","np":3,"cix":2,"ix":1,"mn":"ADBE Vector Group","hd":false}]},"fFamily":"Montserrat"},{"ch":"m","size":96,"style":"Ultra Light","w":104.5,"data":{"shapes":[{"ty":"gr","it":[{"ind":0,"ty":"sh","ix":1,"ks":{"a":0,"k":{"i":[[12.589,0],[3.223,-9.769],[10.574,0],[3.424,-8.963],[0,0],[0,0],[0,0],[0,0],[0,0],[-12.589,0.302],[0,-10.776],[0,0],[0,0],[0,0],[-12.589,0.302],[0,-10.776],[0,0],[0,0],[0,0]],"o":[[-10.776,0.201],[-1.813,-9.567],[-10.373,0.201],[0,0],[0,0],[0,0],[0,0],[0,0],[0,-13.696],[10.474,0],[0,0],[0,0],[0,0],[0,-13.696],[10.574,0],[0,0],[0,0],[0,0],[0,-12.79]],"v":[[76.538,-52.57],[55.087,-37.363],[35.751,-52.57],[14.603,-38.672],[14.603,-52.469],[10.474,-52.469],[10.474,0],[14.603,0],[14.603,-25.681],[34.644,-48.34],[51.462,-31.219],[51.462,0],[55.591,0],[55.591,-25.681],[75.531,-48.34],[92.349,-31.219],[92.349,0],[96.478,0],[96.478,-32.025]],"c":true},"ix":2},"nm":"m","mn":"ADBE Vector Shape - Group","hd":false}],"nm":"m","np":3,"cix":2,"ix":1,"mn":"ADBE Vector Group","hd":false}]},"fFamily":"Montserrat"},{"ch":"i","size":96,"style":"Ultra Light","w":25,"data":{"shapes":[{"ty":"gr","it":[{"ind":0,"ty":"sh","ix":1,"ks":{"a":0,"k":{"i":[[1.913,0],[0,-2.014],[-1.913,0],[0,2.115]],"o":[[-1.913,0],[0,2.115],[1.913,0],[0,-2.014]],"v":[[12.589,-71.201],[9.064,-67.575],[12.589,-63.849],[16.113,-67.575]],"c":true},"ix":2},"nm":"i","mn":"ADBE Vector Shape - Group","hd":false},{"ind":1,"ty":"sh","ix":2,"ks":{"a":0,"k":{"i":[[0,0],[0,0],[0,0],[0,0]],"o":[[0,0],[0,0],[0,0],[0,0]],"v":[[14.603,0],[14.603,-52.469],[10.474,-52.469],[10.474,0]],"c":true},"ix":2},"nm":"i","mn":"ADBE Vector Shape - Group","hd":false}],"nm":"i","np":5,"cix":2,"ix":1,"mn":"ADBE Vector Group","hd":false}]},"fFamily":"Montserrat"},{"ch":"u","size":96,"style":"Ultra Light","w":64.1,"data":{"shapes":[{"ty":"gr","it":[{"ind":0,"ty":"sh","ix":1,"ks":{"a":0,"k":{"i":[[0,0],[0,0],[0,0],[12.689,-0.302],[0,10.776],[0,0],[0,0],[0,0],[-12.689,0],[-3.323,9.064],[0,0],[0,0]],"o":[[0,0],[0,0],[0,13.696],[-10.574,0],[0,0],[0,0],[0,0],[0,12.891],[10.373,-0.101],[0,0],[0,0],[0,0]],"v":[[53.979,-52.469],[49.85,-52.469],[49.85,-26.788],[29.709,-4.129],[12.891,-21.249],[12.891,-52.469],[8.762,-52.469],[8.762,-20.444],[28.802,0.101],[49.85,-13.998],[49.85,0],[53.979,0]],"c":true},"ix":2},"nm":"u","mn":"ADBE Vector Shape - Group","hd":false}],"nm":"u","np":3,"cix":2,"ix":1,"mn":"ADBE Vector Group","hd":false}]},"fFamily":"Montserrat"},{"ch":"v","size":96,"style":"Ultra Light","w":47.1,"data":{"shapes":[{"ty":"gr","it":[{"ind":0,"ty":"sh","ix":1,"ks":{"a":0,"k":{"i":[[0,0],[0,0],[0,0],[0,0],[0,0],[0,0],[0,0]],"o":[[0,0],[0,0],[0,0],[0,0],[0,0],[0,0],[0,0]],"v":[[26.385,0],[47.534,-52.469],[43.103,-52.469],[24.271,-4.532],[5.338,-52.469],[0.806,-52.469],[22.055,0]],"c":true},"ix":2},"nm":"v","mn":"ADBE Vector Shape - Group","hd":false}],"nm":"v","np":3,"cix":2,"ix":1,"mn":"ADBE Vector Group","hd":false}]},"fFamily":"Montserrat"},{"ch":"x","size":96,"style":"Ultra Light","w":50.3,"data":{"shapes":[{"ty":"gr","it":[{"ind":0,"ty":"sh","ix":1,"ks":{"a":0,"k":{"i":[[0,0],[0,0],[0,0],[0,0],[0,0],[0,0],[0,0],[0,0],[0,0],[0,0],[0,0],[0,0]],"o":[[0,0],[0,0],[0,0],[0,0],[0,0],[0,0],[0,0],[0,0],[0,0],[0,0],[0,0],[0,0]],"v":[[25.278,-30.212],[9.064,-52.469],[4.23,-52.469],[22.559,-27.09],[2.719,0],[7.553,0],[25.177,-23.868],[42.7,0],[47.534,0],[27.896,-27.09],[46.225,-52.469],[41.492,-52.469]],"c":true},"ix":2},"nm":"x","mn":"ADBE Vector Shape - Group","hd":false}],"nm":"x","np":3,"cix":2,"ix":1,"mn":"ADBE Vector Group","hd":false}]},"fFamily":"Montserrat"},{"ch":"s","size":96,"style":"Ultra Light","w":43.7,"data":{"shapes":[{"ty":"gr","it":[{"ind":0,"ty":"sh","ix":1,"ks":{"a":0,"k":{"i":[[5.841,0],[0,-9.164],[0.403,-14.804],[7.352,0],[4.532,4.23],[0,0],[-7.352,0],[0,9.769],[0,14.099],[-7.352,0],[-3.625,-2.316],[0,0]],"o":[[-9.265,0],[0,18.027],[-0.302,6.647],[-6.647,0],[0,0],[4.834,4.633],[9.467,0],[0,-18.53],[0,-6.244],[5.035,0],[0,0],[-4.129,-2.518]],"v":[[22.861,-52.57],[5.64,-39.377],[36.255,-13.293],[22.256,-3.726],[4.733,-10.373],[2.82,-7.15],[22.055,0.101],[40.283,-13.998],[9.668,-39.679],[22.76,-48.743],[36.053,-45.016],[37.866,-48.441]],"c":true},"ix":2},"nm":"s","mn":"ADBE Vector Shape - Group","hd":false}],"nm":"s","np":3,"cix":2,"ix":1,"mn":"ADBE Vector Group","hd":false}]},"fFamily":"Montserrat"},{"ch":"c","size":96,"style":"Ultra Light","w":53.1,"data":{"shapes":[{"ty":"gr","it":[{"ind":0,"ty":"sh","ix":1,"ks":{"a":0,"k":{"i":[[7.553,0],[0,-15.408],[-14.804,0],[-4.633,5.438],[0,0],[7.05,0],[0,13.293],[-12.589,0],[-4.23,-3.928],[0,0]],"o":[[-14.804,0],[0,15.408],[8.157,0],[0,0],[-4.028,4.733],[-12.589,0],[0,-13.092],[6.546,0],[0,0],[-4.633,-4.633]],"v":[[30.515,-52.57],[4.834,-26.184],[30.515,0.101],[50.253,-8.459],[47.736,-11.179],[30.615,-3.827],[8.963,-26.285],[30.615,-48.541],[46.829,-42.197],[49.246,-45.218]],"c":true},"ix":2},"nm":"c","mn":"ADBE Vector Shape - Group","hd":false}],"nm":"c","np":3,"cix":2,"ix":1,"mn":"ADBE Vector Group","hd":false}]},"fFamily":"Montserrat"},{"ch":"q","size":96,"style":"Ultra Light","w":67.5,"data":{"shapes":[{"ty":"gr","it":[{"ind":0,"ty":"sh","ix":1,"ks":{"a":0,"k":{"i":[[0,0],[0,0],[0,0],[10.373,0],[0,-15.509],[-14.905,0],[-3.928,8.661],[0,0],[0,0]],"o":[[0,0],[0,0],[-3.928,-8.661],[-14.804,0],[0,15.408],[10.272,0],[0,0],[0,0],[0,0]],"v":[[57.001,-52.469],[52.771,-52.469],[52.771,-38.773],[30.313,-52.771],[4.834,-26.184],[30.414,0.302],[52.771,-13.696],[52.771,19.537],[57.001,19.537]],"c":true},"ix":2},"nm":"q","mn":"ADBE Vector Shape - Group","hd":false},{"ind":1,"ty":"sh","ix":2,"ks":{"a":0,"k":{"i":[[12.689,0],[0.101,13.092],[-12.689,0],[0,-13.092]],"o":[[-12.79,0],[0.101,-12.991],[12.689,0],[0,13.092]],"v":[[30.917,-3.625],[8.963,-26.184],[30.917,-48.743],[52.771,-26.184]],"c":true},"ix":2},"nm":"q","mn":"ADBE Vector Shape - Group","hd":false}],"nm":"q","np":5,"cix":2,"ix":1,"mn":"ADBE Vector Group","hd":false}]},"fFamily":"Montserrat"},{"ch":"j","size":96,"style":"Ultra Light","w":24.7,"data":{"shapes":[{"ty":"gr","it":[{"ind":0,"ty":"sh","ix":1,"ks":{"a":0,"k":{"i":[[2.014,0],[0,-2.014],[-2.014,0],[0,2.115]],"o":[[-2.014,0],[0,2.115],[2.014,0],[0,-2.014]],"v":[[12.186,-71.201],[8.56,-67.575],[12.186,-63.849],[15.811,-67.575]],"c":true},"ix":2},"nm":"j","mn":"ADBE Vector Shape - Group","hd":false},{"ind":1,"ty":"sh","ix":2,"ks":{"a":0,"k":{"i":[[0,0],[0,0],[0,0],[5.64,0.101],[2.417,2.014],[0,0],[-3.827,-0.101],[0,11.38]],"o":[[0,0],[0,0],[0,8.359],[-3.021,0],[0,0],[3.021,2.316],[7.855,0],[0,0]],"v":[[14.2,-52.469],[10.071,-52.469],[10.071,3.021],[1.208,15.509],[-7.352,12.387],[-9.164,15.912],[1.309,19.638],[14.2,2.719]],"c":true},"ix":2},"nm":"j","mn":"ADBE Vector Shape - Group","hd":false}],"nm":"j","np":5,"cix":2,"ix":1,"mn":"ADBE Vector Group","hd":false}]},"fFamily":"Montserrat"},{"ch":"D","size":96,"style":"Ultra Light","w":80.3,"data":{"shapes":[{"ty":"gr","it":[{"ind":0,"ty":"sh","ix":1,"ks":{"a":0,"k":{"i":[[0,0],[0,0],[0,0],[0,19.537],[20.041,0]],"o":[[0,0],[0,0],[20.142,0],[0,-19.739],[0,0]],"v":[[12.085,-70.395],[12.085,0],[39.981,0],[76.236,-35.147],[40.082,-70.395]],"c":true},"ix":2},"nm":"D","mn":"ADBE Vector Shape - Group","hd":false},{"ind":1,"ty":"sh","ix":2,"ks":{"a":0,"k":{"i":[[0,0],[0,0],[0,-17.322],[17.624,0],[0,0]],"o":[[0,0],[17.725,0],[0,17.221],[0,0],[0,0]],"v":[[16.315,-66.266],[39.981,-66.266],[71.906,-35.147],[40.082,-4.129],[16.315,-4.129]],"c":true},"ix":2},"nm":"D","mn":"ADBE Vector Shape - Group","hd":false}],"nm":"D","np":5,"cix":2,"ix":1,"mn":"ADBE Vector Group","hd":false}]},"fFamily":"Montserrat"},{"ch":"B","size":96,"style":"Ultra Light","w":72.5,"data":{"shapes":[{"ty":"gr","it":[{"ind":0,"ty":"sh","ix":1,"ks":{"a":0,"k":{"i":[[0,0],[0,0],[0,0],[0,11.984],[10.776,1.309],[0,8.661],[13.797,0]],"o":[[0,0],[0,0],[16.013,0],[0,-9.869],[8.661,-1.611],[0,-10.977],[0,0]],"v":[[12.085,-70.395],[12.085,0],[41.089,0],[66.367,-18.933],[49.246,-36.758],[62.842,-52.972],[40.887,-70.395]],"c":true},"ix":2},"nm":"B","mn":"ADBE Vector Shape - Group","hd":false},{"ind":1,"ty":"sh","ix":2,"ks":{"a":0,"k":{"i":[[0,0],[0,0],[0,-8.762],[11.279,0],[0,0]],"o":[[0,0],[11.279,0],[0,8.963],[0,0],[0,0]],"v":[[16.315,-66.266],[40.787,-66.266],[58.612,-52.469],[40.787,-38.47],[16.315,-38.47]],"c":true},"ix":2},"nm":"B","mn":"ADBE Vector Shape - Group","hd":false},{"ind":2,"ty":"sh","ix":3,"ks":{"a":0,"k":{"i":[[0,0],[0,0],[0,-9.467],[13.596,0],[0,0]],"o":[[0,0],[13.596,0],[0,9.769],[0,0],[0,0]],"v":[[16.315,-34.341],[40.787,-34.341],[62.137,-19.437],[40.787,-4.129],[16.315,-4.129]],"c":true},"ix":2},"nm":"B","mn":"ADBE Vector Shape - Group","hd":false}],"nm":"B","np":6,"cix":2,"ix":1,"mn":"ADBE Vector Group","hd":false}]},"fFamily":"Montserrat"},{"ch":"A","size":96,"style":"Ultra Light","w":69.8,"data":{"shapes":[{"ty":"gr","it":[{"ind":0,"ty":"sh","ix":1,"ks":{"a":0,"k":{"i":[[0,0],[0,0],[0,0],[0,0],[0,0],[0,0],[0,0],[0,0]],"o":[[0,0],[0,0],[0,0],[0,0],[0,0],[0,0],[0,0],[0,0]],"v":[[55.692,-20.041],[64.856,0],[69.489,0],[37.262,-70.395],[32.73,-70.395],[0.806,0],[5.438,0],[14.502,-20.041]],"c":true},"ix":2},"nm":"A","mn":"ADBE Vector Shape - Group","hd":false},{"ind":1,"ty":"sh","ix":2,"ks":{"a":0,"k":{"i":[[0,0],[0,0],[0,0]],"o":[[0,0],[0,0],[0,0]],"v":[[53.778,-24.271],[16.315,-24.271],[34.946,-65.561]],"c":true},"ix":2},"nm":"A","mn":"ADBE Vector Shape - Group","hd":false}],"nm":"A","np":5,"cix":2,"ix":1,"mn":"ADBE Vector Group","hd":false}]},"fFamily":"Montserrat"},{"ch":"U","size":96,"style":"Ultra Light","w":77.2,"data":{"shapes":[{"ty":"gr","it":[{"ind":0,"ty":"sh","ix":1,"ks":{"a":0,"k":{"i":[[0,0],[0,0],[0,0],[15.308,0],[0,15.71],[0,0],[0,0],[0,0],[-18.027,0],[0,18.329]],"o":[[0,0],[0,0],[0,15.71],[-15.308,0],[0,0],[0,0],[0,0],[0,18.329],[18.027,0],[0,0]],"v":[[67.374,-70.395],[63.144,-70.395],[63.144,-28.802],[38.873,-4.028],[14.603,-28.802],[14.603,-70.395],[10.373,-70.395],[10.373,-28.802],[38.873,0.101],[67.374,-28.802]],"c":true},"ix":2},"nm":"U","mn":"ADBE Vector Shape - Group","hd":false}],"nm":"U","np":3,"cix":2,"ix":1,"mn":"ADBE Vector Group","hd":false}]},"fFamily":"Montserrat"},{"ch":"F","size":96,"style":"Ultra Light","w":55.2,"data":{"shapes":[{"ty":"gr","it":[{"ind":0,"ty":"sh","ix":1,"ks":{"a":0,"k":{"i":[[0,0],[0,0],[0,0],[0,0],[0,0],[0,0],[0,0],[0,0],[0,0],[0,0]],"o":[[0,0],[0,0],[0,0],[0,0],[0,0],[0,0],[0,0],[0,0],[0,0],[0,0]],"v":[[54.483,-66.266],[54.483,-70.395],[12.085,-70.395],[12.085,0],[16.315,0],[16.315,-31.622],[50.153,-31.622],[50.153,-35.852],[16.315,-35.852],[16.315,-66.266]],"c":true},"ix":2},"nm":"F","mn":"ADBE Vector Shape - Group","hd":false}],"nm":"F","np":3,"cix":2,"ix":1,"mn":"ADBE Vector Group","hd":false}]},"fFamily":"Montserrat"},{"ch":"B","size":144,"style":"Light","w":75.2,"data":{"shapes":[{"ty":"gr","it":[{"ind":0,"ty":"sh","ix":1,"ks":{"a":0,"k":{"i":[[9.97,1.913],[0,8.359],[15.106,0],[0,0],[0,0],[0,0],[0,11.884]],"o":[[7.05,-2.316],[0,-11.682],[0,0],[0,0],[0,0],[17.322,0],[0,-9.769]],"v":[[54.181,-36.356],[65.964,-52.469],[41.693,-70.496],[12.286,-70.496],[12.286,0],[43.707,0],[69.69,-18.631]],"c":true},"ix":2},"nm":"B","mn":"ADBE Vector Shape - Group","hd":false},{"ind":1,"ty":"sh","ix":2,"ks":{"a":0,"k":{"i":[[0,0],[0,-9.265],[12.186,0],[0,0],[0,0]],"o":[[12.186,0],[0,9.366],[0,0],[0,0],[0,0]],"v":[[41.492,-66.064],[60.727,-52.066],[41.492,-37.967],[17.422,-37.967],[17.422,-66.064]],"c":true},"ix":2},"nm":"B","mn":"ADBE Vector Shape - Group","hd":false},{"ind":2,"ty":"sh","ix":3,"ks":{"a":0,"k":{"i":[[13.495,0],[0,0],[0,0],[0,0],[0,-10.071]],"o":[[0,0],[0,0],[0,0],[13.495,0],[0,10.172]],"v":[[43.707,-4.431],[17.422,-4.431],[17.422,-33.536],[43.707,-33.536],[64.554,-19.034]],"c":true},"ix":2},"nm":"B","mn":"ADBE Vector Shape - Group","hd":false}],"nm":"B","np":6,"cix":2,"ix":1,"mn":"ADBE Vector Group","hd":false}]},"fFamily":"Montserrat"},{"ch":"l","size":144,"style":"Light","w":26.1,"data":{"shapes":[{"ty":"gr","it":[{"ind":0,"ty":"sh","ix":1,"ks":{"a":0,"k":{"i":[[0,0],[0,0],[0,0],[0,0]],"o":[[0,0],[0,0],[0,0],[0,0]],"v":[[10.675,0],[15.71,0],[15.71,-74.725],[10.675,-74.725]],"c":true},"ix":2},"nm":"l","mn":"ADBE Vector Shape - Group","hd":false}],"nm":"l","np":3,"cix":2,"ix":1,"mn":"ADBE Vector Group","hd":false}]},"fFamily":"Montserrat"},{"ch":"o","size":144,"style":"Light","w":62,"data":{"shapes":[{"ty":"gr","it":[{"ind":0,"ty":"sh","ix":1,"ks":{"a":0,"k":{"i":[[-15.106,0],[0,15.61],[15.106,0],[0,-15.61]],"o":[[15.106,0],[0,-15.61],[-15.106,0],[0,15.61]],"v":[[31.219,0.403],[57.504,-26.285],[31.219,-52.972],[4.935,-26.285]],"c":true},"ix":2},"nm":"o","mn":"ADBE Vector Shape - Group","hd":false},{"ind":1,"ty":"sh","ix":2,"ks":{"a":0,"k":{"i":[[12.085,0],[0,13.193],[-12.085,0],[0,-13.193]],"o":[[-12.085,0],[0,-13.193],[12.085,0],[0,13.193]],"v":[[31.219,-4.129],[10.071,-26.285],[31.219,-48.441],[52.368,-26.285]],"c":true},"ix":2},"nm":"o","mn":"ADBE Vector Shape - Group","hd":false}],"nm":"o","np":5,"cix":2,"ix":1,"mn":"ADBE Vector Group","hd":false}]},"fFamily":"Montserrat"},{"ch":"c","size":144,"style":"Light","w":54.6,"data":{"shapes":[{"ty":"gr","it":[{"ind":0,"ty":"sh","ix":1,"ks":{"a":0,"k":{"i":[[-15.408,0],[-4.33,6.345],[0,0],[6.546,0],[0,13.293],[-12.387,0],[-3.827,-5.338],[0,0],[8.359,0],[0,-15.71]],"o":[[8.359,0],[0,0],[-3.827,5.338],[-12.387,0],[0,-13.293],[6.546,0],[0,0],[-4.33,-6.445],[-15.408,0],[0,15.61]],"v":[[31.522,0.403],[51.462,-9.265],[47.736,-11.984],[31.522,-4.129],[10.071,-26.285],[31.522,-48.441],[47.736,-40.585],[51.462,-43.304],[31.522,-52.972],[4.935,-26.285]],"c":true},"ix":2},"nm":"c","mn":"ADBE Vector Shape - Group","hd":false}],"nm":"c","np":3,"cix":2,"ix":1,"mn":"ADBE Vector Group","hd":false}]},"fFamily":"Montserrat"},{"ch":"k","size":144,"style":"Light","w":58.8,"data":{"shapes":[{"ty":"gr","it":[{"ind":0,"ty":"sh","ix":1,"ks":{"a":0,"k":{"i":[[0,0],[0,0],[0,0],[0,0],[0,0],[0,0],[0,0],[0,0],[0,0],[0,0],[0,0],[0,0]],"o":[[0,0],[0,0],[0,0],[0,0],[0,0],[0,0],[0,0],[0,0],[0,0],[0,0],[0,0],[0,0]],"v":[[51.764,0],[58.008,0],[33.133,-31.32],[55.792,-52.57],[49.347,-52.57],[15.71,-21.854],[15.71,-74.725],[10.675,-74.725],[10.675,0],[15.71,0],[15.71,-15.61],[29.407,-28.098]],"c":true},"ix":2},"nm":"k","mn":"ADBE Vector Shape - Group","hd":false}],"nm":"k","np":3,"cix":2,"ix":1,"mn":"ADBE Vector Group","hd":false}]},"fFamily":"Montserrat"},{"ch":"h","size":144,"style":"Light","w":67.3,"data":{"shapes":[{"ty":"gr","it":[{"ind":0,"ty":"sh","ix":1,"ks":{"a":0,"k":{"i":[[12.79,0],[3.625,-7.15],[0,0],[0,0],[0,0],[0,0],[0,0],[-12.387,0],[0,-11.884],[0,0],[0,0],[0,0]],"o":[[-9.769,0],[0,0],[0,0],[0,0],[0,0],[0,0],[0,-12.488],[10.675,0],[0,0],[0,0],[0,0],[0,-14.703]],"v":[[36.356,-52.972],[15.71,-41.592],[15.71,-74.725],[10.675,-74.725],[10.675,0],[15.71,0],[15.71,-27.997],[35.651,-48.441],[52.67,-30.313],[52.67,0],[57.706,0],[57.706,-30.716]],"c":true},"ix":2},"nm":"h","mn":"ADBE Vector Shape - Group","hd":false}],"nm":"h","np":3,"cix":2,"ix":1,"mn":"ADBE Vector Group","hd":false}]},"fFamily":"Montserrat"},{"ch":"a","size":144,"style":"Light","w":58.3,"data":{"shapes":[{"ty":"gr","it":[{"ind":0,"ty":"sh","ix":1,"ks":{"a":0,"k":{"i":[[12.991,0],[5.237,-4.633],[0,0],[-7.251,0],[0,-9.769],[0,0],[0,0],[0,-7.956],[-11.783,0],[-3.323,6.042],[0,0],[0,0],[0,0]],"o":[[-8.157,0],[0,0],[4.33,-3.928],[10.272,0],[0,0],[0,0],[-14.603,0],[0,8.963],[9.164,0],[0,0],[0,0],[0,0],[0,-12.991]],"v":[[28.4,-52.972],[7.352,-45.52],[9.869,-41.895],[27.997,-48.541],[43.607,-33.536],[43.607,-29.306],[25.58,-29.306],[5.942,-14.603],[24.875,0.403],[43.808,-9.366],[43.808,0],[48.642,0],[48.642,-33.334]],"c":true},"ix":2},"nm":"a","mn":"ADBE Vector Shape - Group","hd":false},{"ind":1,"ty":"sh","ix":2,"ks":{"a":0,"k":{"i":[[8.862,0],[0,6.848],[-10.876,0],[0,0],[0,0]],"o":[[-9.265,0],[0,-6.042],[0,0],[0,0],[-3.021,7.553]],"v":[[25.58,-3.726],[10.977,-14.804],[25.681,-25.378],[43.607,-25.378],[43.607,-15.509]],"c":true},"ix":2},"nm":"a","mn":"ADBE Vector Shape - Group","hd":false}],"nm":"a","np":5,"cix":2,"ix":1,"mn":"ADBE Vector Group","hd":false}]},"fFamily":"Montserrat"},{"ch":"i","size":144,"style":"Light","w":26.1,"data":{"shapes":[{"ty":"gr","it":[{"ind":0,"ty":"sh","ix":1,"ks":{"a":0,"k":{"i":[[-2.316,0],[0,2.316],[2.316,0],[0,-2.216]],"o":[[2.316,0],[0,-2.216],[-2.316,0],[0,2.216]],"v":[[13.193,-65.359],[17.322,-69.489],[13.193,-73.517],[9.064,-69.388]],"c":true},"ix":2},"nm":"i","mn":"ADBE Vector Shape - Group","hd":false},{"ind":1,"ty":"sh","ix":2,"ks":{"a":0,"k":{"i":[[0,0],[0,0],[0,0],[0,0]],"o":[[0,0],[0,0],[0,0],[0,0]],"v":[[10.675,0],[15.71,0],[15.71,-52.57],[10.675,-52.57]],"c":true},"ix":2},"nm":"i","mn":"ADBE Vector Shape - Group","hd":false}],"nm":"i","np":5,"cix":2,"ix":1,"mn":"ADBE Vector Group","hd":false}]},"fFamily":"Montserrat"},{"ch":"n","size":144,"style":"Light","w":67.3,"data":{"shapes":[{"ty":"gr","it":[{"ind":0,"ty":"sh","ix":1,"ks":{"a":0,"k":{"i":[[12.79,0],[3.525,-7.352],[0,0],[0,0],[0,0],[0,0],[0,0],[-12.387,0],[0,-11.884],[0,0],[0,0],[0,0]],"o":[[-9.97,0],[0,0],[0,0],[0,0],[0,0],[0,0],[0,-12.488],[10.675,0],[0,0],[0,0],[0,0],[0,-14.703]],"v":[[36.356,-52.972],[15.509,-41.19],[15.509,-52.57],[10.675,-52.57],[10.675,0],[15.71,0],[15.71,-27.997],[35.651,-48.441],[52.67,-30.313],[52.67,0],[57.706,0],[57.706,-30.716]],"c":true},"ix":2},"nm":"n","mn":"ADBE Vector Shape - Group","hd":false}],"nm":"n","np":3,"cix":2,"ix":1,"mn":"ADBE Vector Group","hd":false}]},"fFamily":"Montserrat"},{"ch":"b","size":144,"style":"Light","w":67.5,"data":{"shapes":[{"ty":"gr","it":[{"ind":0,"ty":"sh","ix":1,"ks":{"a":0,"k":{"i":[[14.804,0],[4.23,-7.855],[0,0],[0,0],[0,0],[0,0],[0,0],[-9.467,0],[0,15.71]],"o":[[-9.265,0],[0,0],[0,0],[0,0],[0,0],[0,0],[4.129,8.057],[14.804,0],[0,-15.811]],"v":[[37.061,-52.972],[15.71,-40.585],[15.71,-74.725],[10.675,-74.725],[10.675,0],[15.509,0],[15.509,-12.387],[37.061,0.403],[63.043,-26.285]],"c":true},"ix":2},"nm":"b","mn":"ADBE Vector Shape - Group","hd":false},{"ind":1,"ty":"sh","ix":2,"ks":{"a":0,"k":{"i":[[12.085,0],[0,13.193],[-12.085,0],[0,-13.193]],"o":[[-12.085,0],[0,-13.193],[12.085,0],[0,13.193]],"v":[[36.758,-4.129],[15.61,-26.285],[36.758,-48.441],[58.008,-26.285]],"c":true},"ix":2},"nm":"b","mn":"ADBE Vector Shape - Group","hd":false}],"nm":"b","np":5,"cix":2,"ix":1,"mn":"ADBE Vector Group","hd":false}]},"fFamily":"Montserrat"},{"ch":"f","size":144,"style":"Light","w":32.8,"data":{"shapes":[{"ty":"gr","it":[{"ind":0,"ty":"sh","ix":1,"ks":{"a":0,"k":{"i":[[-6.546,0],[-2.115,-1.913],[0,0],[3.827,0],[0,-8.762],[0,0],[0,0],[0,0],[0,0],[0,0],[0,0],[0,0],[0,0],[0,0],[0,0],[0,0]],"o":[[3.122,0],[0,0],[-2.518,-2.316],[-9.366,0],[0,0],[0,0],[0,0],[0,0],[0,0],[0,0],[0,0],[0,0],[0,0],[0,0],[0,0],[0,-6.949]],"v":[[26.486,-70.798],[34.644,-67.877],[36.658,-71.704],[26.285,-75.128],[11.682,-60.626],[11.682,-52.57],[2.014,-52.57],[2.014,-48.239],[11.682,-48.239],[11.682,0],[16.718,0],[16.718,-48.239],[33.435,-48.239],[33.435,-52.57],[16.617,-52.57],[16.617,-60.223]],"c":true},"ix":2},"nm":"f","mn":"ADBE Vector Shape - Group","hd":false}],"nm":"f","np":3,"cix":2,"ix":1,"mn":"ADBE Vector Group","hd":false}]},"fFamily":"Montserrat"},{"ch":"s","size":144,"style":"Light","w":47.8,"data":{"shapes":[{"ty":"gr","it":[{"ind":0,"ty":"sh","ix":1,"ks":{"a":0,"k":{"i":[[-8.661,0],[0,8.56],[0,15.811],[-10.272,0],[-4.431,-3.223],[0,0],[6.647,0],[0,-7.956],[0,-15.308],[11.078,0],[4.028,3.424],[0,0]],"o":[[13.394,0],[0,-20.041],[0,-5.64],[5.64,0],[0,0],[-4.129,-3.122],[-13.293,0],[0,20.645],[0,5.942],[-7.755,0],[0,0],[4.129,3.827]],"v":[[23.969,0.403],[44.714,-13.998],[9.869,-38.672],[24.673,-48.541],[40.485,-43.808],[42.801,-47.836],[24.774,-52.972],[4.834,-38.571],[39.679,-13.898],[24.17,-4.028],[5.237,-10.373],[2.921,-6.345]],"c":true},"ix":2},"nm":"s","mn":"ADBE Vector Shape - Group","hd":false}],"nm":"s","np":3,"cix":2,"ix":1,"mn":"ADBE Vector Group","hd":false}]},"fFamily":"Montserrat"},{"ch":"e","size":144,"style":"Light","w":59.7,"data":{"shapes":[{"ty":"gr","it":[{"ind":0,"ty":"sh","ix":1,"ks":{"a":0,"k":{"i":[[0,0.403],[14.401,0],[0,-15.61],[-15.912,0],[-4.633,5.64],[0,0],[6.647,0],[0.504,12.488],[0,0]],"o":[[0,-15.61],[-14.401,0],[0,15.61],[7.956,0],[0,0],[-4.028,4.935],[-12.589,0],[0,0],[0,-0.504]],"v":[[55.188,-26.486],[30.112,-52.972],[4.935,-26.285],[32.025,0.403],[51.865,-8.157],[48.944,-11.481],[32.126,-4.129],[9.869,-25.076],[55.087,-25.076]],"c":true},"ix":2},"nm":"e","mn":"ADBE Vector Shape - Group","hd":false},{"ind":1,"ty":"sh","ix":2,"ks":{"a":0,"k":{"i":[[-11.179,0],[-0.705,-11.38],[0,0]],"o":[[11.179,0],[0,0],[0.806,-11.481]],"v":[[30.112,-48.541],[50.253,-29.004],[9.97,-29.004]],"c":true},"ix":2},"nm":"e","mn":"ADBE Vector Shape - Group","hd":false}],"nm":"e","np":5,"cix":2,"ix":1,"mn":"ADBE Vector Group","hd":false}]},"fFamily":"Montserrat"},{"ch":"v","size":144,"style":"Light","w":52.5,"data":{"shapes":[{"ty":"gr","it":[{"ind":0,"ty":"sh","ix":1,"ks":{"a":0,"k":{"i":[[0,0],[0,0],[0,0],[0,0],[0,0],[0,0],[0,0]],"o":[[0,0],[0,0],[0,0],[0,0],[0,0],[0,0],[0,0]],"v":[[47.736,-52.57],[26.587,-5.539],[5.64,-52.57],[0.302,-52.57],[23.969,0],[29.105,0],[52.872,-52.57]],"c":true},"ix":2},"nm":"v","mn":"ADBE Vector Shape - Group","hd":false}],"nm":"v","np":3,"cix":2,"ix":1,"mn":"ADBE Vector Group","hd":false}]},"fFamily":"Montserrat"},{"ch":"r","size":144,"style":"Light","w":38.5,"data":{"shapes":[{"ty":"gr","it":[{"ind":0,"ty":"sh","ix":1,"ks":{"a":0,"k":{"i":[[3.223,-7.654],[0,0],[0,0],[0,0],[0,0],[0,0],[-11.682,0],[-0.403,0],[0,0]],"o":[[0,0],[0,0],[0,0],[0,0],[0,0],[0,-12.991],[0.403,0],[0,0],[-9.869,0]],"v":[[15.509,-41.089],[15.509,-52.57],[10.675,-52.57],[10.675,0],[15.71,0],[15.71,-27.393],[34.341,-48.138],[35.55,-48.038],[35.55,-52.972]],"c":true},"ix":2},"nm":"r","mn":"ADBE Vector Shape - Group","hd":false}],"nm":"r","np":3,"cix":2,"ix":1,"mn":"ADBE Vector Group","hd":false}]},"fFamily":"Montserrat"},{"ch":"t","size":144,"style":"Light","w":38.4,"data":{"shapes":[{"ty":"gr","it":[{"ind":0,"ty":"sh","ix":1,"ks":{"a":0,"k":{"i":[[0,0],[3.122,0],[0,6.747],[0,0],[0,0],[0,0],[0,0],[0,0],[0,0],[0,0],[0,0],[0,0],[0,0],[0,0],[-9.265,0],[-2.618,2.518]],"o":[[-2.115,1.913],[-6.445,0],[0,0],[0,0],[0,0],[0,0],[0,0],[0,0],[0,0],[0,0],[0,0],[0,0],[0,0],[0,8.862],[3.928,0],[0,0]],"v":[[34.644,-6.848],[26.486,-3.928],[16.718,-14.401],[16.718,-48.239],[33.435,-48.239],[33.435,-52.57],[16.718,-52.57],[16.718,-64.05],[11.682,-64.05],[11.682,-52.57],[2.014,-52.57],[2.014,-48.239],[11.682,-48.239],[11.682,-13.898],[25.983,0.403],[36.758,-3.323]],"c":true},"ix":2},"nm":"t","mn":"ADBE Vector Shape - Group","hd":false}],"nm":"t","np":3,"cix":2,"ix":1,"mn":"ADBE Vector Group","hd":false}]},"fFamily":"Montserrat"},{"ch":"d","size":144,"style":"Light","w":67.5,"data":{"shapes":[{"ty":"gr","it":[{"ind":0,"ty":"sh","ix":1,"ks":{"a":0,"k":{"i":[[0,0],[0,0],[9.366,0],[0,-15.811],[-14.804,0],[-4.129,8.157],[0,0],[0,0],[0,0]],"o":[[0,0],[-4.23,-7.956],[-14.804,0],[0,15.71],[9.467,0],[0,0],[0,0],[0,0],[0,0]],"v":[[52.368,-74.725],[52.368,-40.384],[30.917,-52.972],[4.935,-26.285],[30.917,0.403],[52.469,-12.387],[52.469,0],[57.404,0],[57.404,-74.725]],"c":true},"ix":2},"nm":"d","mn":"ADBE Vector Shape - Group","hd":false},{"ind":1,"ty":"sh","ix":2,"ks":{"a":0,"k":{"i":[[12.085,0],[0,13.193],[-12.085,0],[0,-13.193]],"o":[[-12.085,0],[0,-13.193],[12.085,0],[0,13.193]],"v":[[31.219,-4.129],[10.071,-26.285],[31.219,-48.441],[52.368,-26.285]],"c":true},"ix":2},"nm":"d","mn":"ADBE Vector Shape - Group","hd":false}],"nm":"d","np":5,"cix":2,"ix":1,"mn":"ADBE Vector Group","hd":false}]},"fFamily":"Montserrat"},{"ch":"y","size":144,"style":"Light","w":52.5,"data":{"shapes":[{"ty":"gr","it":[{"ind":0,"ty":"sh","ix":1,"ks":{"a":0,"k":{"i":[[0,0],[0,0],[0,0],[0,0],[0,0],[0,0],[4.834,0],[2.719,2.82],[0,0],[-4.733,0],[-4.23,9.668],[0,0]],"o":[[0,0],[0,0],[0,0],[0,0],[0,0],[-3.223,7.15],[-3.928,0],[0,0],[3.021,3.122],[6.949,0],[0,0],[0,0]],"v":[[47.736,-52.57],[26.688,-5.539],[5.64,-52.57],[0.302,-52.57],[23.969,-0.201],[21.149,6.143],[9.567,15.509],[-0.201,11.38],[-2.719,15.207],[9.467,19.94],[25.882,7.15],[52.872,-52.57]],"c":true},"ix":2},"nm":"y","mn":"ADBE Vector Shape - Group","hd":false}],"nm":"y","np":3,"cix":2,"ix":1,"mn":"ADBE Vector Group","hd":false}]},"fFamily":"Montserrat"},{"ch":"u","size":144,"style":"Light","w":66.9,"data":{"shapes":[{"ty":"gr","it":[{"ind":0,"ty":"sh","ix":1,"ks":{"a":0,"k":{"i":[[0,0],[0,0],[11.884,0],[0,11.884],[0,0],[0,0],[0,0],[-13.394,0],[-3.424,7.352],[0,0],[0,0],[0,0]],"o":[[0,0],[0,12.488],[-10.977,0],[0,0],[0,0],[0,0],[0,14.703],[9.265,0],[0,0],[0,0],[0,0],[0,0]],"v":[[51.663,-52.57],[51.663,-24.573],[32.428,-4.129],[15.106,-22.256],[15.106,-52.57],[10.071,-52.57],[10.071,-21.854],[32.025,0.403],[51.865,-11.279],[51.865,0],[56.699,0],[56.699,-52.57]],"c":true},"ix":2},"nm":"u","mn":"ADBE Vector Shape - Group","hd":false}],"nm":"u","np":3,"cix":2,"ix":1,"mn":"ADBE Vector Group","hd":false}]},"fFamily":"Montserrat"},{"ch":"w","size":144,"style":"Light","w":85.9,"data":{"shapes":[{"ty":"gr","it":[{"ind":0,"ty":"sh","ix":1,"ks":{"a":0,"k":{"i":[[0,0],[0,0],[0,0],[0,0],[0,0],[0,0],[0,0],[0,0],[0,0],[0,0],[0,0],[0,0],[0,0]],"o":[[0,0],[0,0],[0,0],[0,0],[0,0],[0,0],[0,0],[0,0],[0,0],[0,0],[0,0],[0,0],[0,0]],"v":[[81.171,-52.57],[63.446,-5.74],[45.621,-52.57],[41.29,-52.57],[23.364,-5.64],[5.841,-52.57],[1.007,-52.57],[20.947,0],[25.58,0],[43.405,-45.621],[61.13,0],[65.863,0],[85.803,-52.57]],"c":true},"ix":2},"nm":"w","mn":"ADBE Vector Shape - Group","hd":false}],"nm":"w","np":3,"cix":2,"ix":1,"mn":"ADBE Vector Group","hd":false}]},"fFamily":"Montserrat"},{"ch":"x","size":144,"style":"Light","w":51.9,"data":{"shapes":[{"ty":"gr","it":[{"ind":0,"ty":"sh","ix":1,"ks":{"a":0,"k":{"i":[[0,0],[0,0],[0,0],[0,0],[0,0],[0,0],[0,0],[0,0],[0,0],[0,0],[0,0],[0,0]],"o":[[0,0],[0,0],[0,0],[0,0],[0,0],[0,0],[0,0],[0,0],[0,0],[0,0],[0,0],[0,0]],"v":[[50.052,0],[28.903,-27.09],[48.642,-52.57],[43.002,-52.57],[26.083,-30.716],[9.164,-52.57],[3.424,-52.57],[23.163,-27.09],[2.316,0],[8.057,0],[26.083,-23.465],[44.11,0]],"c":true},"ix":2},"nm":"x","mn":"ADBE Vector Shape - Group","hd":false}],"nm":"x","np":3,"cix":2,"ix":1,"mn":"ADBE Vector Group","hd":false}]},"fFamily":"Montserrat"},{"ch":"S","size":144,"style":"Light","w":60.9,"data":{"shapes":[{"ty":"gr","it":[{"ind":0,"ty":"sh","ix":1,"ks":{"a":0,"k":{"i":[[-10.474,0],[0,9.97],[0,21.149],[-13.696,0],[-5.841,-4.028],[0,0],[7.755,0],[0,-9.97],[0,-21.149],[14.099,0],[4.834,5.035],[0,0]],"o":[[17.422,0],[0,-25.58],[0,-7.755],[6.345,0],[0,0],[-5.438,-3.928],[-17.322,0],[0,25.983],[0,7.654],[-9.467,0],[0,0],[5.136,5.64]],"v":[[30.817,0.504],[56.195,-18.127],[12.186,-52.368],[32.025,-66.467],[51.361,-60.526],[53.275,-64.655],[32.025,-70.999],[7.05,-52.267],[51.059,-17.825],[30.716,-4.028],[7.452,-12.891],[5.136,-9.064]],"c":true},"ix":2},"nm":"S","mn":"ADBE Vector Shape - Group","hd":false}],"nm":"S","np":3,"cix":2,"ix":1,"mn":"ADBE Vector Group","hd":false}]},"fFamily":"Montserrat"},{"ch":"Z","size":144,"style":"Light","w":64.6,"data":{"shapes":[{"ty":"gr","it":[{"ind":0,"ty":"sh","ix":1,"ks":{"a":0,"k":{"i":[[0,0],[0,0],[0,0],[0,0],[0,0],[0,0],[0,0],[0,0],[0,0],[0,0]],"o":[[0,0],[0,0],[0,0],[0,0],[0,0],[0,0],[0,0],[0,0],[0,0],[0,0]],"v":[[11.884,-4.633],[60.425,-66.87],[60.425,-70.496],[5.338,-70.496],[5.338,-65.863],[53.375,-65.863],[4.733,-3.625],[4.733,0],[61.533,0],[61.533,-4.633]],"c":true},"ix":2},"nm":"Z","mn":"ADBE Vector Shape - Group","hd":false}],"nm":"Z","np":3,"cix":2,"ix":1,"mn":"ADBE Vector Group","hd":false}]},"fFamily":"Montserrat"},{"ch":"G","size":144,"style":"Light","w":77.3,"data":{"shapes":[{"ty":"gr","it":[{"ind":0,"ty":"sh","ix":1,"ks":{"a":0,"k":{"i":[[0,0],[7.452,0],[0,17.624],[-18.329,0],[-6.143,-6.042],[0,0],[10.172,0],[0,-20.544],[-21.249,0],[-6.345,6.042],[0,0],[0,0]],"o":[[-5.74,4.633],[-18.329,0],[0,-17.725],[8.56,0],[0,0],[-6.244,-6.445],[-21.35,0],[0,20.544],[9.668,0],[0,0],[0,0],[0,0]],"v":[[62.64,-10.675],[42.599,-4.23],[10.675,-35.248],[42.599,-66.266],[64.655,-57.907],[67.877,-61.331],[42.499,-70.999],[5.539,-35.248],[42.398,0.504],[67.575,-8.56],[67.575,-34.946],[62.64,-34.946]],"c":true},"ix":2},"nm":"G","mn":"ADBE Vector Shape - Group","hd":false}],"nm":"G","np":3,"cix":2,"ix":1,"mn":"ADBE Vector Group","hd":false}]},"fFamily":"Montserrat"},{"ch":"C","size":144,"style":"Light","w":70.1,"data":{"shapes":[{"ty":"gr","it":[{"ind":0,"ty":"sh","ix":1,"ks":{"a":0,"k":{"i":[[-20.947,0],[-6.143,6.546],[0,0],[8.258,0],[0,17.725],[-18.027,0],[-6.042,-5.942],[0,0],[9.97,0],[0,-20.544]],"o":[[9.97,0],[0,0],[-6.042,5.942],[-18.027,0],[0,-17.725],[8.258,0],[0,0],[-6.143,-6.546],[-20.947,0],[0,20.544]],"v":[[42.096,0.504],[67.172,-9.366],[63.95,-12.689],[42.297,-4.23],[10.675,-35.248],[42.297,-66.266],[63.95,-57.907],[67.172,-61.23],[42.096,-70.999],[5.539,-35.248]],"c":true},"ix":2},"nm":"C","mn":"ADBE Vector Shape - Group","hd":false}],"nm":"C","np":3,"cix":2,"ix":1,"mn":"ADBE Vector Group","hd":false}]},"fFamily":"Montserrat"},{"ch":"g","size":144,"style":"Light","w":68.2,"data":{"shapes":[{"ty":"gr","it":[{"ind":0,"ty":"sh","ix":1,"ks":{"a":0,"k":{"i":[[0,0],[0,0],[9.668,0],[0,-15.005],[-14.905,0],[-4.33,7.654],[0,0],[13.998,0],[5.237,4.834],[0,0],[-9.567,0],[0,17.624],[0,0]],"o":[[0,0],[-4.23,-7.855],[-14.905,0],[0,15.005],[9.467,0],[0,0],[0,13.998],[-8.459,0],[0,0],[5.338,5.338],[16.919,0],[0,0],[0,0]],"v":[[53.174,-52.57],[53.174,-40.686],[31.119,-52.972],[4.935,-27.493],[31.119,-1.913],[52.972,-13.898],[52.972,-5.035],[32.428,15.408],[11.179,7.755],[8.459,11.581],[32.529,19.94],[58.008,-5.64],[58.008,-52.57]],"c":true},"ix":2},"nm":"g","mn":"ADBE Vector Shape - Group","hd":false},{"ind":1,"ty":"sh","ix":2,"ks":{"a":0,"k":{"i":[[12.488,0],[0,12.387],[-12.387,0],[0,-12.387]],"o":[[-12.387,0],[0,-12.387],[12.488,0],[0,12.387]],"v":[[31.522,-6.445],[10.071,-27.493],[31.522,-48.441],[53.073,-27.493]],"c":true},"ix":2},"nm":"g","mn":"ADBE Vector Shape - Group","hd":false}],"nm":"g","np":5,"cix":2,"ix":1,"mn":"ADBE Vector Group","hd":false}]},"fFamily":"Montserrat"},{"ch":"K","size":144,"style":"Light","w":70.3,"data":{"shapes":[{"ty":"gr","it":[{"ind":0,"ty":"sh","ix":1,"ks":{"a":0,"k":{"i":[[0,0],[0,0],[0,0],[0,0],[0,0],[0,0],[0,0],[0,0],[0,0],[0,0],[0,0],[0,0]],"o":[[0,0],[0,0],[0,0],[0,0],[0,0],[0,0],[0,0],[0,0],[0,0],[0,0],[0,0],[0,0]],"v":[[63.547,0],[69.791,0],[36.658,-38.47],[67.676,-70.496],[61.432,-70.496],[17.422,-25.177],[17.422,-70.496],[12.286,-70.496],[12.286,0],[17.422,0],[17.422,-18.53],[33.234,-34.744]],"c":true},"ix":2},"nm":"K","mn":"ADBE Vector Shape - Group","hd":false}],"nm":"K","np":3,"cix":2,"ix":1,"mn":"ADBE Vector Group","hd":false}]},"fFamily":"Montserrat"},{"ch":"B","size":144,"style":"SemiBold","w":76.1,"data":{"shapes":[{"ty":"gr","it":[{"ind":0,"ty":"sh","ix":1,"ks":{"a":0,"k":{"i":[[7.553,2.417],[0,7.251],[16.919,0],[0,0],[0,0],[0,0],[0,12.085]],"o":[[5.438,-2.921],[0,-11.179],[0,0],[0,0],[0,0],[18.127,0],[0,-9.164]],"v":[[59.418,-36.658],[68.481,-52.167],[42.499,-70.496],[9.467,-70.496],[9.467,0],[44.513,0],[72.107,-19.135]],"c":true},"ix":2},"nm":"B","mn":"ADBE Vector Shape - Group","hd":false},{"ind":1,"ty":"sh","ix":2,"ks":{"a":0,"k":{"i":[[0,0],[0,-6.546],[9.064,0],[0,0],[0,0]],"o":[[9.064,0],[0,6.445],[0,0],[0,0],[0,0]],"v":[[41.089,-60.223],[55.289,-50.455],[41.089,-40.787],[22.559,-40.787],[22.559,-60.223]],"c":true},"ix":2},"nm":"B","mn":"ADBE Vector Shape - Group","hd":false},{"ind":2,"ty":"sh","ix":3,"ks":{"a":0,"k":{"i":[[9.869,0],[0,0],[0,0],[0,0],[0,-7.05]],"o":[[0,0],[0,0],[0,0],[9.869,0],[0,7.05]],"v":[[43.707,-10.272],[22.559,-10.272],[22.559,-30.615],[43.707,-30.615],[58.914,-20.444]],"c":true},"ix":2},"nm":"B","mn":"ADBE Vector Shape - Group","hd":false}],"nm":"B","np":6,"cix":2,"ix":1,"mn":"ADBE Vector Group","hd":false}]},"fFamily":"Montserrat"}]}